{
  "dateRange": "2025-10-01 to 2025-10-31",
  "generated": "2026-01-08 10:39:47",
  "summary": {
    "total": 268,
    "tadComplete": 46,
    "tsComplete": 50,
    "bothComplete": 28,
    "missingTad": 222,
    "missingTs": 218,
    "tadPct": 17.16417910447761,
    "tsPct": 18.65671641791045,
    "bothPct": 10.44776119402985,
    "missingTadPct": 82.83582089552239,
    "missingTsPct": 81.34328358208955
  },
  "teams": {
    "PP Spartacles": {
      "total": 54,
      "tadComplete": 14,
      "tsComplete": 21,
      "bothComplete": 14,
      "tadPct": 25.925925925925924,
      "tsPct": 38.88888888888889,
      "issues": [
        {
          "key": "ELM-24601",
          "summary": "PRB0056670  Move additional logging (Other than Error logging) to Passport log instead of Integration log ",
          "type": "Story",
          "status": "Re-finement",
          "tadFound": false,
          "tsFound": true,
          "totalPrs": 0
        },
        {
          "key": "ELM-24600",
          "summary": "PRB0056670 - Show indication in Passport UI as download is initiated ",
          "type": "Story",
          "status": "Re-finement",
          "tadFound": false,
          "tsFound": true,
          "totalPrs": 0
        },
        {
          "key": "ELM-24602",
          "summary": "PRB0056670 Change Download/Upload behavior as chunked for large files. ",
          "type": "Story",
          "status": "Re-finement",
          "tadFound": false,
          "tsFound": true,
          "totalPrs": 0
        },
        {
          "key": "ELM-24590",
          "summary": "Error is displayed when there is a conversion on Bulk load data - Fixing the Passport attribute metadata",
          "type": "Story",
          "status": "Re-finement",
          "tadFound": false,
          "tsFound": false,
          "totalPrs": 0
        },
        {
          "key": "ELM-34099",
          "summary": "Train Fix : TEC-421664 Fix for Increase the size of Line Item Description",
          "type": "Bug",
          "status": "Closed",
          "tadFound": false,
          "tsFound": false,
          "totalPrs": 0
        },
        {
          "key": "ELM-30713",
          "summary": "PRB0057512 - Performance improvement Base Passport - Duplicate Invoice Line Item Rule ",
          "type": "Story",
          "status": "Closed",
          "tadFound": true,
          "tsFound": true,
          "totalPrs": 7
        },
        {
          "key": "ELM-31386",
          "summary": "   [Framework-V3UI] - OSS Security Vulnerabilities Remediation - upgrade direct dependency for @babel lib vulnerabilities ",
          "type": "Story",
          "status": "Re-finement",
          "tadFound": false,
          "tsFound": true,
          "totalPrs": 0
        },
        {
          "key": "ELM-35113",
          "summary": "[BlackDuck] [Framework] - Apache Commons Lang 2.6 Remediation in TK-benchmark, LC, LBR, CMM, Accruals, Archive and Purge",
          "type": "Story",
          "status": "Pre-Refinement",
          "tadFound": true,
          "tsFound": true,
          "totalPrs": 2
        },
        {
          "key": "ELM-35111",
          "summary": "[BlackDuck] [Framework] - Apache Commons Lang 3.9 to 3.18.0",
          "type": "Story",
          "status": "Pre-Refinement",
          "tadFound": true,
          "tsFound": true,
          "totalPrs": 2
        },
        {
          "key": "ELM-37654",
          "summary": "[BlackDuck] [Framework] - Upgrade Apache Commons Lang (2.6) to Non-Vulnerable Versions",
          "type": "Story",
          "status": "Analyze",
          "tadFound": false,
          "tsFound": true,
          "totalPrs": 0
        },
        {
          "key": "ELM-30900",
          "summary": "  [TEC-368690] [GA] -Train Fix - Needed to Hide Tableau Visualizations ",
          "type": "Bug",
          "status": "Closed",
          "tadFound": true,
          "tsFound": true,
          "totalPrs": 3
        },
        {
          "key": "ELM-38316",
          "summary": "UI Layout Issue: Checkboxes and Search Box Hidden When Multiple Matter Name Filters Applied",
          "type": "Story",
          "status": "New",
          "tadFound": false,
          "tsFound": false,
          "totalPrs": 0
        },
        {
          "key": "ELM-37893",
          "summary": "[BlackDuck] [Framework V3UI] - Upgrade Axios (1.12.2) & tar-fs (3.1.1) ",
          "type": "Story",
          "status": "Closed",
          "tadFound": true,
          "tsFound": true,
          "totalPrs": 5
        },
        {
          "key": "ELM-37819",
          "summary": "[BlackDuck] [Framework] [P2]- Apache Commons Lang 2.6 in Connector-CMIS, OC, Connector - windows-file-system, URP, ICD",
          "type": "Story",
          "status": "Closed",
          "tadFound": true,
          "tsFound": true,
          "totalPrs": 7
        },
        {
          "key": "ELM-37818",
          "summary": "[BlackDuck] [Framework] [P1]- Apache Commons Lang 2.6 Remediation in Accruals, LE, TK-Collab, Legal Hold",
          "type": "Story",
          "status": "Closed",
          "tadFound": true,
          "tsFound": true,
          "totalPrs": 20
        },
        {
          "key": "ELM-37957",
          "summary": "508 Accessibility: Help Icon Popup Not Appearing",
          "type": "Bug",
          "status": "Closed",
          "tadFound": false,
          "tsFound": false,
          "totalPrs": 0
        },
        {
          "key": "ELM-37845",
          "summary": "[Apache] [Commons Lang] [TechDebt] - Upgrade Analyzer Customization for Passport Framework \u2013 Tech Debt",
          "type": "Story",
          "status": "Pre-Refinement",
          "tadFound": true,
          "tsFound": true,
          "totalPrs": 1
        },
        {
          "key": "ELM-34159",
          "summary": "[TEC-432117] [CA] - Eng. Analysis - ICD Base Bundle Import Issue",
          "type": "Bug",
          "status": "Closed",
          "tadFound": true,
          "tsFound": true,
          "totalPrs": 4
        },
        {
          "key": "ELM-38383",
          "summary": "PP25.2: URP: Analytics related lookups are still displayed under the lookup library after unsinstall",
          "type": "Bug",
          "status": "Closed",
          "tadFound": false,
          "tsFound": false,
          "totalPrs": 0
        },
        {
          "key": "ELM-38385",
          "summary": "PP-25.1-ICD: RTD is displayed when the user tries to configure One click Time entry",
          "type": "Bug",
          "status": "Closed",
          "tadFound": false,
          "tsFound": false,
          "totalPrs": 1
        },
        {
          "key": "ELM-38386",
          "summary": "PP-19.2-System upgrade failed to install uninstall module on Passport 19.2",
          "type": "Bug",
          "status": "Closed",
          "tadFound": false,
          "tsFound": false,
          "totalPrs": 1
        },
        {
          "key": "ELM-38384",
          "summary": "PP-25.2-URP-Analytics related configuration are present under database",
          "type": "Bug",
          "status": "Closed",
          "tadFound": false,
          "tsFound": false,
          "totalPrs": 0
        },
        {
          "key": "ELM-38382",
          "summary": "PP25.2: URP: Analytics consumer role is still displayed after uninstall of Analytics module",
          "type": "Bug",
          "status": "Closed",
          "tadFound": false,
          "tsFound": false,
          "totalPrs": 0
        },
        {
          "key": "ELM-34595",
          "summary": "PP25.2: Organization lookup field is misaligned under Matter-> Organization tab",
          "type": "Story",
          "status": "New",
          "tadFound": false,
          "tsFound": false,
          "totalPrs": 0
        },
        {
          "key": "ELM-35771",
          "summary": "PC: Performance: Approver field takes longer time to load with 2 Lakh records",
          "type": "Story",
          "status": "New",
          "tadFound": false,
          "tsFound": false,
          "totalPrs": 0
        },
        {
          "key": "ELM-37956",
          "summary": "508 Accessibility: Dropdown arrow Size Too Small",
          "type": "Bug",
          "status": "Closed",
          "tadFound": false,
          "tsFound": false,
          "totalPrs": 0
        },
        {
          "key": "ELM-38307",
          "summary": "Upgrade Axios_V3: Help ,Print,Alert icon and Submitted, System system button is not located in Middle position",
          "type": "Bug",
          "status": "Closed",
          "tadFound": false,
          "tsFound": false,
          "totalPrs": 0
        },
        {
          "key": "ELM-19673",
          "summary": "[History Module Fix][TEC-409854] History not captured when one history object is associated with multiple tracking object",
          "type": "Bug",
          "status": "Re-finement",
          "tadFound": false,
          "tsFound": false,
          "totalPrs": 0
        },
        {
          "key": "ELM-23074",
          "summary": "Istio - Blocking Cronjob shutdown in CITI QA",
          "type": "Bug",
          "status": "New",
          "tadFound": false,
          "tsFound": false,
          "totalPrs": 0
        },
        {
          "key": "ELM-25111",
          "summary": "   elm-passport-apache-web pipeline is triggered from lnp pipeline  ",
          "type": "Bug",
          "status": "Analyze",
          "tadFound": false,
          "tsFound": true,
          "totalPrs": 0
        },
        {
          "key": "ELM-29842",
          "summary": "   [Passport] [Pre-Existing Defects] - Duplicate Email and Username Allowed in Passport, Causing Password Reset Issues ",
          "type": "Bug",
          "status": "New",
          "tadFound": false,
          "tsFound": false,
          "totalPrs": 0
        },
        {
          "key": "ELM-29843",
          "summary": "   [Passport] [Pre-Existing Defects] - Duplicate Email and Username Allowed in Passport, Causing Password Reset Issues ",
          "type": "Bug",
          "status": "New",
          "tadFound": false,
          "tsFound": false,
          "totalPrs": 0
        },
        {
          "key": "ELM-35300",
          "summary": "[Pre-Existing] PP-19.2:RTD is displayed when the user adds Top 10 Organizations by rolling spend dashboard under home page",
          "type": "Bug",
          "status": "New",
          "tadFound": false,
          "tsFound": false,
          "totalPrs": 0
        },
        {
          "key": "ELM-38381",
          "summary": "PP19.2:URP: RTD has been displayed when user configures Analytics configuration on Passport 19.2",
          "type": "Bug",
          "status": "Closed",
          "tadFound": false,
          "tsFound": false,
          "totalPrs": 0
        },
        {
          "key": "ELM-35063",
          "summary": "Train Merge | TO-2554 Hartford Apache Mod Security File Upload restriction",
          "type": "Bug",
          "status": "New",
          "tadFound": false,
          "tsFound": false,
          "totalPrs": 0
        },
        {
          "key": "ELM-36586",
          "summary": "SonarQube in CI With Policy Gates",
          "type": "Story",
          "status": "New",
          "tadFound": false,
          "tsFound": false,
          "totalPrs": 0
        },
        {
          "key": "ELM-36587",
          "summary": "Blackduck SCA With Blocking Policies",
          "type": "Story",
          "status": "New",
          "tadFound": false,
          "tsFound": false,
          "totalPrs": 0
        },
        {
          "key": "ELM-36580",
          "summary": "One\u2011Click Configuration Rollouts",
          "type": "Story",
          "status": "New",
          "tadFound": false,
          "tsFound": false,
          "totalPrs": 0
        },
        {
          "key": "ELM-36579",
          "summary": "Versioned IPM Configuration & Traceability",
          "type": "Story",
          "status": "New",
          "tadFound": false,
          "tsFound": false,
          "totalPrs": 0
        },
        {
          "key": "ELM-36581",
          "summary": "Automated Rollback by Version",
          "type": "Story",
          "status": "New",
          "tadFound": false,
          "tsFound": true,
          "totalPrs": 0
        },
        {
          "key": "ELM-36590",
          "summary": "Auto\u2011Validate & Mark Release Green",
          "type": "Story",
          "status": "New",
          "tadFound": false,
          "tsFound": false,
          "totalPrs": 0
        },
        {
          "key": "ELM-36582",
          "summary": "Audit & Change Tracking",
          "type": "Story",
          "status": "New",
          "tadFound": false,
          "tsFound": false,
          "totalPrs": 0
        },
        {
          "key": "ELM-36588",
          "summary": " Config & Image Security Validation",
          "type": "Story",
          "status": "New",
          "tadFound": false,
          "tsFound": false,
          "totalPrs": 0
        },
        {
          "key": "ELM-31220",
          "summary": "  508 accessibility - Underline shown in skip to icon toolbar and skip ",
          "type": "Bug",
          "status": "Closed",
          "tadFound": false,
          "tsFound": false,
          "totalPrs": 4
        },
        {
          "key": "ELM-37127",
          "summary": "[BlackDuck] - Upgrade Apache Tika 2.9.1 to 2.9.4",
          "type": "Story",
          "status": "Closed",
          "tadFound": true,
          "tsFound": true,
          "totalPrs": 7
        },
        {
          "key": "ELM-37128",
          "summary": "[BlackDuck] [Framework] - Upgrade dom4j Dependency to Address Security Vulnerabilities",
          "type": "Story",
          "status": "Closed",
          "tadFound": true,
          "tsFound": true,
          "totalPrs": 9
        },
        {
          "key": "ELM-34398",
          "summary": "[Backduck] [Framework] - Commons File Upload 1.5 to 1.6.0",
          "type": "Story",
          "status": "Closed",
          "tadFound": true,
          "tsFound": true,
          "totalPrs": 5
        },
        {
          "key": "ELM-34397",
          "summary": "[BlackDuck] [Framework] - Commons VFS 2.0 to 2.10.0",
          "type": "Story",
          "status": "Closed",
          "tadFound": true,
          "tsFound": true,
          "totalPrs": 5
        },
        {
          "key": "ELM-34412",
          "summary": "[BlackDuck] [Framework V3UI] - Brace-expansion 1.1.11",
          "type": "Story",
          "status": "Closed",
          "tadFound": true,
          "tsFound": true,
          "totalPrs": 5
        },
        {
          "key": "ELM-28551",
          "summary": "[TEC-415865] - Train Fix - Fix for AFAHeaderDeActivateCommand in AFA Module",
          "type": "Bug",
          "status": "New",
          "tadFound": false,
          "tsFound": false,
          "totalPrs": 0
        },
        {
          "key": "ELM-37571",
          "summary": "508 Accessibility - Space between the dropdown and second layer is missing",
          "type": "Bug",
          "status": "Closed",
          "tadFound": false,
          "tsFound": false,
          "totalPrs": 1
        },
        {
          "key": "ELM-37573",
          "summary": "508 Accessibility - Dropdown icon displayed in Help icon",
          "type": "Bug",
          "status": "Closed",
          "tadFound": false,
          "tsFound": false,
          "totalPrs": 1
        },
        {
          "key": "ELM-37551",
          "summary": "V3 UI Upgrade-Global Search_ Result not listed in top",
          "type": "Bug",
          "status": "Closed",
          "tadFound": false,
          "tsFound": false,
          "totalPrs": 1
        },
        {
          "key": "ELM-37574",
          "summary": "508 Accessibility - When click on Approvals & Alerts and System System the dropdown icon is missing",
          "type": "Bug",
          "status": "Closed",
          "tadFound": false,
          "tsFound": false,
          "totalPrs": 1
        }
      ]
    },
    "PP Genesis": {
      "total": 66,
      "tadComplete": 2,
      "tsComplete": 7,
      "bothComplete": 2,
      "tadPct": 3.0303030303030303,
      "tsPct": 10.606060606060606,
      "issues": [
        {
          "key": "ELM-29567",
          "summary": "   TEC-423568 - BW -23.2.4-Timekeeper benchmark data not displaying ",
          "type": "Bug",
          "status": "Closed",
          "tadFound": false,
          "tsFound": false,
          "totalPrs": 0
        },
        {
          "key": "ELM-34162",
          "summary": "eDocs - 2.4.0 - Tested with .txt/.csv file \u2014 after upload, the entry is not shown in the list (because the file extension is not configured in eDocs",
          "type": "Bug",
          "status": "Closed",
          "tadFound": false,
          "tsFound": false,
          "totalPrs": 0
        },
        {
          "key": "ELM-38561",
          "summary": "eDoc Migration Utility \u2013 Emails Not Added Under \"Emails Document\" Folder",
          "type": "Bug",
          "status": "Closed",
          "tadFound": false,
          "tsFound": false,
          "totalPrs": 1
        },
        {
          "key": "ELM-38533",
          "summary": "Preexist - edoc Migration Utility - Metadata Not Updating and Some Documents Not Added During Document Migration",
          "type": "Bug",
          "status": "Closed",
          "tadFound": false,
          "tsFound": false,
          "totalPrs": 1
        },
        {
          "key": "ELM-35710",
          "summary": "SPOL 4.0.1- After Migrating a matter OR Pabu change of a matter, directly add folder without clicking show result getting 500 internal server error",
          "type": "Bug",
          "status": "Closed",
          "tadFound": false,
          "tsFound": false,
          "totalPrs": 3
        },
        {
          "key": "ELM-35832",
          "summary": "eDoc : 2.4.0 : Client Server Configuration : Check in Comment displays \"Null\" value if it is empty",
          "type": "Bug",
          "status": "Closed",
          "tadFound": false,
          "tsFound": false,
          "totalPrs": 0
        },
        {
          "key": "ELM-33476",
          "summary": "TEC-422573 - Eng Analysis - Not able to upload document to a matter after renaming it.",
          "type": "Bug",
          "status": "Closed",
          "tadFound": false,
          "tsFound": false,
          "totalPrs": 5
        },
        {
          "key": "ELM-32971",
          "summary": "eDOCS-2.7.0-  Token in in-memory cache becomes invalid after eDocs server restart, causing 401 errors on API requests",
          "type": "Bug",
          "status": "Closed",
          "tadFound": false,
          "tsFound": false,
          "totalPrs": 7
        },
        {
          "key": "ELM-30610",
          "summary": "   HIG : SPOL 4.0.0 Renaming the matter in old site doesn't change the folder name in SPOL ",
          "type": "Bug",
          "status": "Closed",
          "tadFound": false,
          "tsFound": true,
          "totalPrs": 5
        },
        {
          "key": "ELM-29850",
          "summary": "   iManage 4.0 - UPS: Invalid Request : iManage Creating Workspace ",
          "type": "Bug",
          "status": "Closed",
          "tadFound": false,
          "tsFound": true,
          "totalPrs": 5
        },
        {
          "key": "ELM-31483",
          "summary": "   IDMC 4.0.0 - When a  Matter contain '/' special character is updated, the custom attribute value is not updated in iManage server",
          "type": "Bug",
          "status": "New",
          "tadFound": false,
          "tsFound": false,
          "totalPrs": 0
        },
        {
          "key": "ELM-34044",
          "summary": "eDocs OC - Event/ Task - Edit Option Keep Spinning",
          "type": "Bug",
          "status": "Closed",
          "tadFound": false,
          "tsFound": false,
          "totalPrs": 0
        },
        {
          "key": "ELM-38491",
          "summary": "iManage : Custom Values for Documents not reflecting on iManage",
          "type": "Bug",
          "status": "New",
          "tadFound": false,
          "tsFound": false,
          "totalPrs": 0
        },
        {
          "key": "ELM-31136",
          "summary": "Edoc 2.5.0- Uploading 3Gb file getting error \"Error for non-visible property 'file.fileData.fileUUID' - System Error: Value could not be set for 'file.fileData.fileUUID'\" ",
          "type": "Bug",
          "status": "Closed",
          "tadFound": true,
          "tsFound": true,
          "totalPrs": 8
        },
        {
          "key": "ELM-34407",
          "summary": "TEC-429563 : HIG - Office Companion - ERROR when opening email message multiple times",
          "type": "Bug",
          "status": "New",
          "tadFound": false,
          "tsFound": false,
          "totalPrs": 0
        },
        {
          "key": "ELM-33630",
          "summary": "TEC-426361 - Eng Analysis - Analysis for TI TEC-425011 - Hartford: Matter SPOL Folder Not Created for Y4HC27522-001 - INC000027180676",
          "type": "Bug",
          "status": "Closed",
          "tadFound": true,
          "tsFound": true,
          "totalPrs": 3
        },
        {
          "key": "ELM-38469",
          "summary": "IManage- Custom metadata values not cleared on iManage server when set to empty in Passport",
          "type": "Bug",
          "status": "New",
          "tadFound": false,
          "tsFound": false,
          "totalPrs": 0
        },
        {
          "key": "ELM-34179",
          "summary": "TEC-411131 - SPOL 4.0.2 - Hartford - DM Library created incorrect( Outside PABU Library)",
          "type": "Bug",
          "status": "Closed",
          "tadFound": false,
          "tsFound": true,
          "totalPrs": 8
        },
        {
          "key": "ELM-38379",
          "summary": "eDocs New Server - Getting Stack Trace in Main Document Tab.",
          "type": "Bug",
          "status": "New",
          "tadFound": false,
          "tsFound": false,
          "totalPrs": 0
        },
        {
          "key": "ELM-38397",
          "summary": "eDocs New Server: Info Center 24.4.0.48 : Document Level Security not reflecting",
          "type": "Bug",
          "status": "New",
          "tadFound": false,
          "tsFound": false,
          "totalPrs": 0
        },
        {
          "key": "ELM-38378",
          "summary": "eDocs New Server - User unable to create a Email Folder - getting 400 error in Log",
          "type": "Bug",
          "status": "New",
          "tadFound": false,
          "tsFound": false,
          "totalPrs": 0
        },
        {
          "key": "ELM-30395",
          "summary": "   OC 1.13 - OC Plugin creating debug.log files resulting in Web Folder Error Encountered  ",
          "type": "Bug",
          "status": "New",
          "tadFound": false,
          "tsFound": true,
          "totalPrs": 0
        },
        {
          "key": "ELM-38364",
          "summary": "iManage : DM Connector Configuration Page : DM Subject Identifier Type value is saved but not displayed on screen",
          "type": "Bug",
          "status": "New",
          "tadFound": false,
          "tsFound": false,
          "totalPrs": 0
        },
        {
          "key": "ELM-38196",
          "summary": "iManage - Document Search Returns Results for Invalid Search Terms",
          "type": "Bug",
          "status": "New",
          "tadFound": false,
          "tsFound": false,
          "totalPrs": 0
        },
        {
          "key": "ELM-38190",
          "summary": "iManage - Audit Columns Not Displayed for Folders Created via Email Tab in OC",
          "type": "Bug",
          "status": "New",
          "tadFound": false,
          "tsFound": false,
          "totalPrs": 0
        },
        {
          "key": "ELM-38191",
          "summary": "iManage - Duplicate Emails Not Added \u2013 Success Message Shown Instead of Validation Error",
          "type": "Bug",
          "status": "New",
          "tadFound": false,
          "tsFound": false,
          "totalPrs": 0
        },
        {
          "key": "ELM-38300",
          "summary": "IManage -Object Identifier Not Displayed After Saving Admin Screen in iManage and refresh",
          "type": "Bug",
          "status": "New",
          "tadFound": false,
          "tsFound": false,
          "totalPrs": 0
        },
        {
          "key": "ELM-35454",
          "summary": "Performance Testing \u2013 Sharepoint Connector 4.3.0 for Passport",
          "type": "Story",
          "status": "Closed",
          "tadFound": false,
          "tsFound": false,
          "totalPrs": 0
        },
        {
          "key": "ELM-36217",
          "summary": "Edoc 2.7.0- while filtering Collaboration organization getting 500 internal server error.",
          "type": "Bug",
          "status": "Closed",
          "tadFound": false,
          "tsFound": false,
          "totalPrs": 1
        },
        {
          "key": "ELM-176",
          "summary": "SPOL 3.0.0 - HIG Migration support - Part 2",
          "type": "Story",
          "status": "Refined",
          "tadFound": false,
          "tsFound": false,
          "totalPrs": 0
        },
        {
          "key": "ELM-280",
          "summary": "SPOL 1.3 - Risk mitigation - Rollback to Sharepoint OnPrem",
          "type": "Story",
          "status": "Refined",
          "tadFound": false,
          "tsFound": false,
          "totalPrs": 0
        },
        {
          "key": "ELM-143",
          "summary": "SPOL 2.0 - Defects Fixing",
          "type": "Story",
          "status": "Refined",
          "tadFound": false,
          "tsFound": false,
          "totalPrs": 0
        },
        {
          "key": "ELM-146",
          "summary": "IDMC 1.0 - UI Functionality Automation - Admin Screen Automation",
          "type": "Story",
          "status": "Refined",
          "tadFound": false,
          "tsFound": true,
          "totalPrs": 0
        },
        {
          "key": "ELM-279",
          "summary": "SPOL 1.3 - EY Feature Gaps - \u00a0Migration Document items",
          "type": "Story",
          "status": "Refined",
          "tadFound": false,
          "tsFound": false,
          "totalPrs": 0
        },
        {
          "key": "ELM-144",
          "summary": "IDMC 1.1 - REST API Automation - SSO",
          "type": "Story",
          "status": "Refined",
          "tadFound": false,
          "tsFound": false,
          "totalPrs": 0
        },
        {
          "key": "ELM-284",
          "summary": "SPOL 1.3 - DWH - Data Model refresh issues in INSTALL_DW",
          "type": "Story",
          "status": "Refined",
          "tadFound": false,
          "tsFound": false,
          "totalPrs": 0
        },
        {
          "key": "ELM-165",
          "summary": "SPOL 3.1.0 - To validate Raymond James and BW - Backward compatibility",
          "type": "Story",
          "status": "Refined",
          "tadFound": false,
          "tsFound": false,
          "totalPrs": 0
        },
        {
          "key": "ELM-276",
          "summary": "SPOL 1.3 - New Library Structure - Threshold Limit Analysis",
          "type": "Story",
          "status": "Refined",
          "tadFound": false,
          "tsFound": false,
          "totalPrs": 0
        },
        {
          "key": "ELM-274",
          "summary": "SPOL 1.3 - SPIKE - Coexistence of SPOL with other Oasis Modules (Legal Holds)",
          "type": "Story",
          "status": "Refined",
          "tadFound": false,
          "tsFound": false,
          "totalPrs": 0
        },
        {
          "key": "ELM-162",
          "summary": "SPOL 3.1.0 - Classic Auth - Library Changes - Functional Regression with CT SOP 2.0",
          "type": "Story",
          "status": "Refined",
          "tadFound": false,
          "tsFound": false,
          "totalPrs": 0
        },
        {
          "key": "ELM-168",
          "summary": "IDMC 2.1.0 - Validation - SOP CT changes",
          "type": "Story",
          "status": "Refined",
          "tadFound": false,
          "tsFound": false,
          "totalPrs": 0
        },
        {
          "key": "ELM-180",
          "summary": "IDMC 3.0.0 - Non SSO - Regression",
          "type": "Story",
          "status": "Refined",
          "tadFound": false,
          "tsFound": false,
          "totalPrs": 0
        },
        {
          "key": "ELM-158",
          "summary": "Implement Migration scripts to move documents from JackRabbit to FileSystem (Bridgewater)",
          "type": "Story",
          "status": "Refined",
          "tadFound": false,
          "tsFound": false,
          "totalPrs": 0
        },
        {
          "key": "ELM-137",
          "summary": "IDMC 1.1 - OC Certification",
          "type": "Story",
          "status": "Refined",
          "tadFound": false,
          "tsFound": false,
          "totalPrs": 0
        },
        {
          "key": "ELM-156",
          "summary": "SPOL 3.1.0 - Azure Auth - Library Changes - Functional Regression with CT SOP 2.0",
          "type": "Story",
          "status": "Refined",
          "tadFound": false,
          "tsFound": false,
          "totalPrs": 0
        },
        {
          "key": "ELM-17938",
          "summary": "3.2.0 Invalid Validation Message in OC - Checkout Document while PABU Change is IN PROGRESS",
          "type": "Bug",
          "status": "Refined",
          "tadFound": false,
          "tsFound": false,
          "totalPrs": 0
        },
        {
          "key": "ELM-142",
          "summary": "SPOL 2.0 - Quick Search with Custom attributes",
          "type": "Story",
          "status": "Refined",
          "tadFound": false,
          "tsFound": false,
          "totalPrs": 0
        },
        {
          "key": "ELM-171",
          "summary": "Implement Migration scripts to move SOP documents from JackRabbit to FileSystem",
          "type": "Story",
          "status": "Refined",
          "tadFound": false,
          "tsFound": false,
          "totalPrs": 0
        },
        {
          "key": "ELM-275",
          "summary": "SPOL 1.3 - Multi-Site Configuration Design Approach",
          "type": "Story",
          "status": "Refined",
          "tadFound": false,
          "tsFound": false,
          "totalPrs": 0
        },
        {
          "key": "ELM-155",
          "summary": "SPOL 3.1.0 - Classic Auth - Library Changes with CP - Functional Regression 22.2",
          "type": "Story",
          "status": "Refined",
          "tadFound": false,
          "tsFound": false,
          "totalPrs": 0
        },
        {
          "key": "ELM-141",
          "summary": "SPOL - Getting User ID during concurrent operations",
          "type": "Story",
          "status": "Refined",
          "tadFound": false,
          "tsFound": false,
          "totalPrs": 0
        },
        {
          "key": "ELM-179",
          "summary": "IDMC 3.0.0 - Non SSO - Support for Check-In/Check-Out",
          "type": "Story",
          "status": "Refined",
          "tadFound": false,
          "tsFound": false,
          "totalPrs": 0
        },
        {
          "key": "ELM-167",
          "summary": "CCD UAT - Not able to save the Admin Screen",
          "type": "Story",
          "status": "Refined",
          "tadFound": false,
          "tsFound": false,
          "totalPrs": 0
        },
        {
          "key": "ELM-172",
          "summary": "User provisioning in shared services must be removed from Database if deleted from UI",
          "type": "Story",
          "status": "Refined",
          "tadFound": false,
          "tsFound": false,
          "totalPrs": 0
        },
        {
          "key": "ELM-183",
          "summary": "IDMC 3.0.0 - Non SSO - CP Integration Support",
          "type": "Story",
          "status": "Refined",
          "tadFound": false,
          "tsFound": false,
          "totalPrs": 0
        },
        {
          "key": "ELM-147",
          "summary": "IDMC 1.0 - IDP Proxy and SSL Certificate Support - Cloud Configuration",
          "type": "Story",
          "status": "Refined",
          "tadFound": false,
          "tsFound": false,
          "totalPrs": 0
        },
        {
          "key": "ELM-288",
          "summary": "IDMC 1.0 - Documentation for iManage cloud server configuration for Passport",
          "type": "Story",
          "status": "Refined",
          "tadFound": false,
          "tsFound": false,
          "totalPrs": 0
        },
        {
          "key": "ELM-140",
          "summary": "IDMC 1.1 - [SPIKE] Admin Utility for Passport Roles, Groups and Permissions in iManage",
          "type": "Story",
          "status": "Refined",
          "tadFound": false,
          "tsFound": false,
          "totalPrs": 0
        },
        {
          "key": "ELM-160",
          "summary": "Implement Migration scripts to move SOP documents from FileSystem to iManage",
          "type": "Story",
          "status": "Refined",
          "tadFound": false,
          "tsFound": false,
          "totalPrs": 0
        },
        {
          "key": "ELM-175",
          "summary": "IDMC 2.1.0 - Regression - 22.2",
          "type": "Story",
          "status": "Refined",
          "tadFound": false,
          "tsFound": false,
          "totalPrs": 0
        },
        {
          "key": "ELM-6631",
          "summary": "Passport patch porting required - Screen Refresh Issue - In Document upload Queue page",
          "type": "Bug",
          "status": "Closed",
          "tadFound": false,
          "tsFound": false,
          "totalPrs": 0
        },
        {
          "key": "ELM-36801",
          "summary": "iManage : 4.0.3 : Invoice Workspace creation triggers base folder creation error in glowroot",
          "type": "Bug",
          "status": "Closed",
          "tadFound": false,
          "tsFound": false,
          "totalPrs": 0
        },
        {
          "key": "ELM-37046",
          "summary": "IManage 4.0.3- custom attribute (String) Max Length Validation Not Triggered for String Custom Attribute instead throwing invalid error message",
          "type": "Bug",
          "status": "Closed",
          "tadFound": false,
          "tsFound": false,
          "totalPrs": 0
        },
        {
          "key": "ELM-37612",
          "summary": "iManage : 4.0.5 : The Organization and People entity shows the DocLibrary status as \"Failed\", even though the workspace was created successfully",
          "type": "Bug",
          "status": "Closed",
          "tadFound": false,
          "tsFound": false,
          "totalPrs": 1
        },
        {
          "key": "ELM-33560",
          "summary": "TEC-416693 -Eng Analysis - User was not able to locate the uploaded documents in the matter. Also, faces Internal Server exception while renaming the document.",
          "type": "Bug",
          "status": "Closed",
          "tadFound": false,
          "tsFound": false,
          "totalPrs": 1
        },
        {
          "key": "ELM-37901",
          "summary": "eDocs : Document Extension Support : Application ID persists old values",
          "type": "Bug",
          "status": "New",
          "tadFound": false,
          "tsFound": false,
          "totalPrs": 0
        }
      ]
    },
    "PP Supernovas": {
      "total": 4,
      "tadComplete": 0,
      "tsComplete": 0,
      "bothComplete": 0,
      "tadPct": 0.0,
      "tsPct": 0.0,
      "issues": [
        {
          "key": "ELM-24192",
          "summary": " [SPOL 3.0.10] - TEC-394535 - HIG Performance - Users are getting 502 bad gateway errors and general slowness/disconnects ",
          "type": "Bug",
          "status": "Closed",
          "tadFound": false,
          "tsFound": false,
          "totalPrs": 4
        },
        {
          "key": "ELM-23671",
          "summary": "Drag/drop document in OC not working in Imanage cloud env",
          "type": "Bug",
          "status": "Closed",
          "tadFound": false,
          "tsFound": false,
          "totalPrs": 2
        },
        {
          "key": "ELM-22376",
          "summary": "eDocs Migration - The Column order in the Doc Migration output file is not arranged in correct order ",
          "type": "Bug",
          "status": "Closed",
          "tadFound": false,
          "tsFound": false,
          "totalPrs": 0
        },
        {
          "key": "ELM-22368",
          "summary": "eDocs Migration - We are not able to view .msg under the PP list page after the data migration (Under Documents tab)",
          "type": "Bug",
          "status": "Closed",
          "tadFound": false,
          "tsFound": false,
          "totalPrs": 0
        }
      ]
    },
    "Unknown Team": {
      "total": 44,
      "tadComplete": 1,
      "tsComplete": 3,
      "bothComplete": 1,
      "tadPct": 2.272727272727273,
      "tsPct": 6.8181818181818175,
      "issues": [
        {
          "key": "ELM-37420",
          "summary": "INC3246624 - PRB0058485 Validate and recommend monitoring for I/O errors",
          "type": "Story",
          "status": "Closed",
          "tadFound": false,
          "tsFound": false,
          "totalPrs": 0
        },
        {
          "key": "ELM-25124",
          "summary": "   PRB0056755 -PTASK0032475 Modify all existing environment yml files that do not have dbconnectionpoolsize variable with a default value of 40 ",
          "type": "Story",
          "status": "Closed",
          "tadFound": false,
          "tsFound": false,
          "totalPrs": 0
        },
        {
          "key": "ELM-26701",
          "summary": "   PRB0056889 - PTASK0032769 re-emphasis of the importance of not deviating from procedure during maintenance windows ",
          "type": "Story",
          "status": "Closed",
          "tadFound": false,
          "tsFound": false,
          "totalPrs": 0
        },
        {
          "key": "ELM-28203",
          "summary": "   INC3031720 - PRB0057079 Configure ISTIO to remediate Cognos long running report terminations ",
          "type": "Story",
          "status": "Closed",
          "tadFound": false,
          "tsFound": false,
          "totalPrs": 0
        },
        {
          "key": "ELM-31208",
          "summary": "   INC3085566 - PRB0057380 Isolate Citi on its own nodes by building the infra and transfer Citi to this dedicated infra ",
          "type": "Story",
          "status": "Closed",
          "tadFound": false,
          "tsFound": false,
          "totalPrs": 0
        },
        {
          "key": "ELM-38154",
          "summary": "INC3134038 - PRB0057737 SOP and all related documentation to be updated and shared among the IPM team members",
          "type": "Story",
          "status": "Closed",
          "tadFound": false,
          "tsFound": false,
          "totalPrs": 0
        },
        {
          "key": "ELM-13642",
          "summary": "PRB0056735 Mitigation: EEH not updating after deployments_Automation",
          "type": "Story",
          "status": "In Progress",
          "tadFound": false,
          "tsFound": false,
          "totalPrs": 0
        },
        {
          "key": "ELM-17778",
          "summary": "PRB0056080 - PTASK0031305 Improve communication between CloudFlare (provider) and GBS Network team",
          "type": "Story",
          "status": "Analyze",
          "tadFound": false,
          "tsFound": false,
          "totalPrs": 0
        },
        {
          "key": "ELM-17846",
          "summary": "PRB0056055 - PTASK0030867 Implement monitoring solutions to alert such high incidents",
          "type": "Story",
          "status": "Analyze",
          "tadFound": false,
          "tsFound": false,
          "totalPrs": 0
        },
        {
          "key": "ELM-18389",
          "summary": "PRB0056288 - RCAS0041148 - Create alert notifications for prolonged transactions.",
          "type": "Story",
          "status": "Analyze",
          "tadFound": false,
          "tsFound": false,
          "totalPrs": 0
        },
        {
          "key": "ELM-24696",
          "summary": "PRB0056564 - Run the update statics with full scan on tables 3 days a week. ",
          "type": "Story",
          "status": "Analyze",
          "tadFound": false,
          "tsFound": false,
          "totalPrs": 0
        },
        {
          "key": "ELM-25125",
          "summary": "   PRB0056755 - PTASK0032474 Monitor the warnings given by the pipeline execution for missing dbconnectionpoolsize variable ",
          "type": "Story",
          "status": "Analyze",
          "tadFound": false,
          "tsFound": false,
          "totalPrs": 0
        },
        {
          "key": "ELM-25388",
          "summary": "   PRB0056288 - PTASK0031445 Implement Monitoring - Create alert notifications for prolonged transactions. ",
          "type": "Story",
          "status": "Analyze",
          "tadFound": false,
          "tsFound": false,
          "totalPrs": 0
        },
        {
          "key": "ELM-26544",
          "summary": "   PRB0056804 - Implement monitoring for Maintenance DB connection failures so mitigation steps can be taken ",
          "type": "Story",
          "status": "Analyze",
          "tadFound": false,
          "tsFound": false,
          "totalPrs": 0
        },
        {
          "key": "ELM-27413",
          "summary": "   INC2982948 - PRB0056904 Regression testing to be taken by GBS , in case of any configuration updates in future to ISTIO or any tool that impacts the communication between the containers ",
          "type": "Story",
          "status": "Analyze",
          "tadFound": false,
          "tsFound": false,
          "totalPrs": 0
        },
        {
          "key": "ELM-37628",
          "summary": "INC3232897 - PRB0058674 Automate the task to update host file which was done to resolve the issue.",
          "type": "Story",
          "status": "Analyze",
          "tadFound": false,
          "tsFound": false,
          "totalPrs": 0
        },
        {
          "key": "ELM-34577",
          "summary": "INC3153753 - PRB0057885 Review OpsRamp Monitoring Configuration",
          "type": "Story",
          "status": "Analyze",
          "tadFound": false,
          "tsFound": false,
          "totalPrs": 0
        },
        {
          "key": "ELM-34578",
          "summary": "INC3153753 - PRB0057885 Evaluate PagerDuty View Configuration for Accessibility",
          "type": "Story",
          "status": "Analyze",
          "tadFound": false,
          "tsFound": false,
          "totalPrs": 0
        },
        {
          "key": "ELM-38510",
          "summary": "Engg Analysis - Bridgewater - v23.3.4 - Unable to purge archived matters in UAT",
          "type": "Story",
          "status": "New",
          "tadFound": false,
          "tsFound": false,
          "totalPrs": 1
        },
        {
          "key": "ELM-37724",
          "summary": "PRB0058742 - Address the known issue with EEH logging after bundle import.",
          "type": "Story",
          "status": "New",
          "tadFound": false,
          "tsFound": false,
          "totalPrs": 0
        },
        {
          "key": "ELM-37630",
          "summary": "INC3232897 - PRB0058674 Explore upgrading to latest database drivers release by MS to ensure stabile connections when reporting against an AOAG database.",
          "type": "Story",
          "status": "New",
          "tadFound": false,
          "tsFound": false,
          "totalPrs": 0
        },
        {
          "key": "ELM-37730",
          "summary": "PRB0058744 - Establish Production-UAT Parity Validation Process",
          "type": "Story",
          "status": "New",
          "tadFound": false,
          "tsFound": false,
          "totalPrs": 0
        },
        {
          "key": "ELM-37729",
          "summary": "PRB0058744 - Enhance Deployment Pipeline with Automated Checks",
          "type": "Story",
          "status": "New",
          "tadFound": false,
          "tsFound": false,
          "totalPrs": 0
        },
        {
          "key": "ELM-38314",
          "summary": "PRB0058887  Implement Proactive Alerting for Validator-Related Failures ",
          "type": "Story",
          "status": "New",
          "tadFound": false,
          "tsFound": true,
          "totalPrs": 0
        },
        {
          "key": "ELM-38313",
          "summary": "PRB0058887  Implement Pre-Production Validator Verification",
          "type": "Story",
          "status": "New",
          "tadFound": false,
          "tsFound": false,
          "totalPrs": 0
        },
        {
          "key": "ELM-38312",
          "summary": "PRB0058887  Develop Proper Fix for CustomTaxRateFormatErrorValidator",
          "type": "Story",
          "status": "New",
          "tadFound": false,
          "tsFound": false,
          "totalPrs": 0
        },
        {
          "key": "ELM-38311",
          "summary": "PRB0058887  Enhance Release Testing Process for Custom Components",
          "type": "Story",
          "status": "New",
          "tadFound": false,
          "tsFound": true,
          "totalPrs": 0
        },
        {
          "key": "ELM-38310",
          "summary": "PRB0058887  Implement Comprehensive Validator Testing Framework",
          "type": "Story",
          "status": "New",
          "tadFound": false,
          "tsFound": false,
          "totalPrs": 0
        },
        {
          "key": "ELM-38292",
          "summary": "PRB0058874 - Implement request throttling for bulk PDF operations",
          "type": "Bug",
          "status": "New",
          "tadFound": false,
          "tsFound": false,
          "totalPrs": 0
        },
        {
          "key": "ELM-38291",
          "summary": "PRB0058874 - Implement memory monitoring alerts with proactive thresholds",
          "type": "Bug",
          "status": "New",
          "tadFound": false,
          "tsFound": false,
          "totalPrs": 0
        },
        {
          "key": "ELM-38290",
          "summary": "PRB0058874 - Implement asynchronous PDF processing with queue management",
          "type": "Bug",
          "status": "New",
          "tadFound": false,
          "tsFound": false,
          "totalPrs": 0
        },
        {
          "key": "ELM-38289",
          "summary": "PRB0058874 - Establish capacity planning procedures for bulk operations",
          "type": "Bug",
          "status": "New",
          "tadFound": false,
          "tsFound": false,
          "totalPrs": 0
        },
        {
          "key": "ELM-38287",
          "summary": "PRB0058874 - Establish capacity planning procedures for bulk operations",
          "type": "Bug",
          "status": "New",
          "tadFound": false,
          "tsFound": false,
          "totalPrs": 0
        },
        {
          "key": "ELM-38286",
          "summary": "PRB0058874 - Ensure all export functionalities in the application are tested under load to validate performance, stabil ity, and scalability",
          "type": "Bug",
          "status": "New",
          "tadFound": false,
          "tsFound": false,
          "totalPrs": 0
        },
        {
          "key": "ELM-38285",
          "summary": "PRB0058874 - Determine the source of PDF generation requests\u2014whether they originate from manual user actions (e.g., UI clicks) or automated tools/scripts (e.g., scheduled jobs, bots, integrations)\u2014to optimize performance and resource allocation",
          "type": "Bug",
          "status": "New",
          "tadFound": false,
          "tsFound": false,
          "totalPrs": 0
        },
        {
          "key": "ELM-38284",
          "summary": "PRB0058874 - Create runbook for memory-related incidents",
          "type": "Bug",
          "status": "New",
          "tadFound": false,
          "tsFound": false,
          "totalPrs": 0
        },
        {
          "key": "ELM-38283",
          "summary": "PRB0058874 - Create resource usage dashboards and alerting",
          "type": "Bug",
          "status": "New",
          "tadFound": false,
          "tsFound": false,
          "totalPrs": 0
        },
        {
          "key": "ELM-38282",
          "summary": "PRB0058874 - Add circuit breaker pattern for PDF generation services",
          "type": "Bug",
          "status": "New",
          "tadFound": false,
          "tsFound": false,
          "totalPrs": 0
        },
        {
          "key": "ELM-36502",
          "summary": "GA Card-RJ-20.1-Deleting Matter Button ",
          "type": "Story",
          "status": "Analyze",
          "tadFound": false,
          "tsFound": false,
          "totalPrs": 2
        },
        {
          "key": "ELM-31943",
          "summary": "    Passport Clients - Security Findings",
          "type": "Bug",
          "status": "New",
          "tadFound": false,
          "tsFound": false,
          "totalPrs": 0
        },
        {
          "key": "ELM-37906",
          "summary": "Embedded Visuals 25.1.3 - EV CDC takes long time to process invoices",
          "type": "Bug",
          "status": "Closed",
          "tadFound": false,
          "tsFound": false,
          "totalPrs": 0
        },
        {
          "key": "ELM-10512",
          "summary": "[Library Upgrade] [Analysis] Apache Groovy 2.5.23/3.0.20 - Part 2",
          "type": "Story",
          "status": "Refined",
          "tadFound": false,
          "tsFound": false,
          "totalPrs": 0
        },
        {
          "key": "ELM-28210",
          "summary": "   INC3031720 - PRB0057079 Revise CD pipeline execution retention policies to improve auditing of deployments (Part of Hands-Free Deployment)",
          "type": "Story",
          "status": "New",
          "tadFound": false,
          "tsFound": false,
          "totalPrs": 0
        },
        {
          "key": "ELM-34035",
          "summary": "RJ - OC - 1.10.0.4 regression issues after upgrading the application to 1.10.04",
          "type": "Bug",
          "status": "Re-finement",
          "tadFound": true,
          "tsFound": true,
          "totalPrs": 5
        }
      ]
    },
    "Guardians": {
      "total": 14,
      "tadComplete": 4,
      "tsComplete": 5,
      "bothComplete": 3,
      "tadPct": 28.57142857142857,
      "tsPct": 35.714285714285715,
      "issues": [
        {
          "key": "ELM-29421",
          "summary": "   Walmart Remove the data Extract process  implementation and validation",
          "type": "Story",
          "status": "Closed",
          "tadFound": false,
          "tsFound": true,
          "totalPrs": 0
        },
        {
          "key": "ELM-38497",
          "summary": "Summary Tables initial load failed in Windows test environment",
          "type": "Bug",
          "status": "Closed",
          "tadFound": false,
          "tsFound": false,
          "totalPrs": 0
        },
        {
          "key": "ELM-38496",
          "summary": "DWH 25.2 upgrade failed in Windows",
          "type": "Bug",
          "status": "Resolved",
          "tadFound": false,
          "tsFound": false,
          "totalPrs": 0
        },
        {
          "key": "ELM-33721",
          "summary": "Cognos SDK Pipeline Rollout validation to support environment Level SDK Version Configuration 11.1.1",
          "type": "Story",
          "status": "Closed",
          "tadFound": true,
          "tsFound": true,
          "totalPrs": 3
        },
        {
          "key": "ELM-35989",
          "summary": "Cognos SDK Pipeline Rollout validation to support environment Level SDK Version Configuration 11.1.7",
          "type": "Story",
          "status": "Closed",
          "tadFound": true,
          "tsFound": true,
          "totalPrs": 3
        },
        {
          "key": "ELM-11192",
          "summary": "Tableau Version upgrade compatibility",
          "type": "Story",
          "status": "Closed",
          "tadFound": false,
          "tsFound": true,
          "totalPrs": 0
        },
        {
          "key": "ELM-38374",
          "summary": "Incorrect SDK Version Deployed Without Error",
          "type": "Bug",
          "status": "Closed",
          "tadFound": false,
          "tsFound": false,
          "totalPrs": 0
        },
        {
          "key": "ELM-13332",
          "summary": "LVDW Prod - ETL Jobs not executed on 4/27 ",
          "type": "Bug",
          "status": "New",
          "tadFound": false,
          "tsFound": false,
          "totalPrs": 0
        },
        {
          "key": "ELM-37627",
          "summary": "INC3232897 - PRB0058674 A management decision is required to determine whether to retain Always On Availability Groups (AOAG) for the Cognos",
          "type": "Story",
          "status": "New",
          "tadFound": false,
          "tsFound": false,
          "totalPrs": 0
        },
        {
          "key": "ELM-31051",
          "summary": " TEC-425061 -RCA - EOL History report data showing former EOL and Not Current EOL data ",
          "type": "Bug",
          "status": "Re-finement",
          "tadFound": false,
          "tsFound": false,
          "totalPrs": 0
        },
        {
          "key": "ELM-34333",
          "summary": "TEC-437137: DWH: QE-DEF-0368 - Unable to decrypt user name and password credentials from the content store",
          "type": "Bug",
          "status": "Closed",
          "tadFound": true,
          "tsFound": false,
          "totalPrs": 1
        },
        {
          "key": "ELM-38095",
          "summary": "PassportDW Folder not available in Team Content After SDK 3.3.1 Deployment via Orchestration Pipeline",
          "type": "Bug",
          "status": "Closed",
          "tadFound": false,
          "tsFound": false,
          "totalPrs": 0
        },
        {
          "key": "ELM-31965",
          "summary": "   Cognos upgrade to latest 11.1.7 to 11.2.4.5 IF5  Upgrade Windows   ",
          "type": "Story",
          "status": "Closed",
          "tadFound": true,
          "tsFound": true,
          "totalPrs": 2
        },
        {
          "key": "ELM-37895",
          "summary": "EmbeddedVisuals 25.1.3 - Missing data in several matter columns in FACT_INVOICELINEITEM_VIEW ",
          "type": "Bug",
          "status": "Closed",
          "tadFound": false,
          "tsFound": false,
          "totalPrs": 0
        }
      ]
    },
    "PP Pioneers": {
      "total": 21,
      "tadComplete": 6,
      "tsComplete": 0,
      "bothComplete": 0,
      "tadPct": 28.57142857142857,
      "tsPct": 0.0,
      "issues": [
        {
          "key": "ELM-32678",
          "summary": "INC3127672 - PRB0057680 - Create and Distribute documentation of certificate management procedures to all involved teams and stakeholders to ensure consistent understanding of existing process requirements.",
          "type": "Story",
          "status": "New",
          "tadFound": false,
          "tsFound": false,
          "totalPrs": 0
        },
        {
          "key": "ELM-38151",
          "summary": "INC3127672 - PRB0057680 - Create a separate Upper Non Prod instance of Collaboration so that CP Production handles ONLY production Passport instances and all others go to the new CP UAT instance.",
          "type": "Story",
          "status": "New",
          "tadFound": false,
          "tsFound": false,
          "totalPrs": 0
        },
        {
          "key": "ELM-38152",
          "summary": "INC3127672 - PRB0057680 - Automate the process of providing certificate updates of any kind to Passport systems.",
          "type": "Story",
          "status": "New",
          "tadFound": false,
          "tsFound": false,
          "totalPrs": 0
        },
        {
          "key": "ELM-13221",
          "summary": "INC2728180 / PRB0055821 / PTASK0030457 / [TEC-371090] [TRUNK] Skip user security cache refresh when modifying Security Entities through Spreadsheet Loader",
          "type": "Story",
          "status": "Closed",
          "tadFound": false,
          "tsFound": false,
          "totalPrs": 6
        },
        {
          "key": "ELM-66",
          "summary": "ePacket Validation Service: Validate RV rules",
          "type": "Story",
          "status": "Closed",
          "tadFound": true,
          "tsFound": false,
          "totalPrs": 7
        },
        {
          "key": "ELM-40",
          "summary": "ePacket Validation Service: Create valid code rules",
          "type": "Story",
          "status": "Closed",
          "tadFound": true,
          "tsFound": false,
          "totalPrs": 5
        },
        {
          "key": "ELM-37131",
          "summary": "ePacket Validation Service: Create invalid code rules",
          "type": "Story",
          "status": "Closed",
          "tadFound": true,
          "tsFound": false,
          "totalPrs": 5
        },
        {
          "key": "ELM-34141",
          "summary": "Trunk - Include Primary Keys to all bridge tables in Passport",
          "type": "Story",
          "status": "New",
          "tadFound": true,
          "tsFound": false,
          "totalPrs": 0
        },
        {
          "key": "ELM-34142",
          "summary": "Trunk - PHAE (Process Hibernate Audit Entry) Fix",
          "type": "Story",
          "status": "New",
          "tadFound": false,
          "tsFound": false,
          "totalPrs": 0
        },
        {
          "key": "ELM-33031",
          "summary": "Apache Updates - add missing header content policy",
          "type": "Story",
          "status": "Refined",
          "tadFound": true,
          "tsFound": false,
          "totalPrs": 2
        },
        {
          "key": "ELM-33149",
          "summary": "CP Groovy_Template files - Passport framework changes consumption",
          "type": "Story",
          "status": "New",
          "tadFound": true,
          "tsFound": false,
          "totalPrs": 1
        },
        {
          "key": "ELM-37614",
          "summary": "Enhance Office Companion - Offline Mode",
          "type": "Story",
          "status": "New",
          "tadFound": false,
          "tsFound": false,
          "totalPrs": 0
        },
        {
          "key": "ELM-37921",
          "summary": "ePacket Validation Service: Log Analysis & Correlation",
          "type": "Story",
          "status": "New",
          "tadFound": false,
          "tsFound": false,
          "totalPrs": 0
        },
        {
          "key": "ELM-37920",
          "summary": "ePacket Validation Service: Custom Tracing Implementation ",
          "type": "Story",
          "status": "New",
          "tadFound": false,
          "tsFound": false,
          "totalPrs": 0
        },
        {
          "key": "ELM-37917",
          "summary": "ePacket Validation Service: Blue-Green Deployment Strategy",
          "type": "Story",
          "status": "New",
          "tadFound": false,
          "tsFound": false,
          "totalPrs": 0
        },
        {
          "key": "ELM-37916",
          "summary": "ePacket Validation Service: Timeout & Bulkhead Management",
          "type": "Story",
          "status": "New",
          "tadFound": false,
          "tsFound": false,
          "totalPrs": 0
        },
        {
          "key": "ELM-37915",
          "summary": "ePacket Validation Service: Database Connection Optimization",
          "type": "Story",
          "status": "New",
          "tadFound": false,
          "tsFound": false,
          "totalPrs": 0
        },
        {
          "key": "ELM-37914",
          "summary": "ePacket Validation Service: Graceful Degradation Service",
          "type": "Story",
          "status": "New",
          "tadFound": false,
          "tsFound": false,
          "totalPrs": 0
        },
        {
          "key": "ELM-23686",
          "summary": "ARD Java upgrade to LTS",
          "type": "Story",
          "status": "Closed",
          "tadFound": false,
          "tsFound": false,
          "totalPrs": 0
        },
        {
          "key": "ELM-23685",
          "summary": "SWAG Java upgrade to LTS",
          "type": "Story",
          "status": "Closed",
          "tadFound": false,
          "tsFound": false,
          "totalPrs": 0
        },
        {
          "key": "ELM-23110",
          "summary": "PRB0056618 - PTASK0032153 - Check other scheduled jobs to see if they should be marked incompatible with Clear Entity Event History or PHAE job that compete for Entity_Event_History table",
          "type": "Story",
          "status": "New",
          "tadFound": false,
          "tsFound": false,
          "totalPrs": 0
        }
      ]
    },
    "SRE Team": {
      "total": 1,
      "tadComplete": 0,
      "tsComplete": 0,
      "bothComplete": 0,
      "tadPct": 0.0,
      "tsPct": 0.0,
      "issues": [
        {
          "key": "ELM-20752",
          "summary": "PRB0056444 - Create an alert against the Passport DWH scheduled job \"DWH Remote CDC Execution\"",
          "type": "Story",
          "status": "Analyze",
          "tadFound": false,
          "tsFound": false,
          "totalPrs": 0
        }
      ]
    },
    "QA Perf Testing": {
      "total": 10,
      "tadComplete": 0,
      "tsComplete": 0,
      "bothComplete": 0,
      "tadPct": 0.0,
      "tsPct": 0.0,
      "issues": [
        {
          "key": "ELM-38139",
          "summary": "T360 | SIG Performance Testing",
          "type": "Story",
          "status": "Closed",
          "tadFound": false,
          "tsFound": false,
          "totalPrs": 0
        },
        {
          "key": "ELM-30979",
          "summary": "   T360 -Continuous Prod traffic Analysis ",
          "type": "Story",
          "status": "Pre-Refinement",
          "tadFound": false,
          "tsFound": false,
          "totalPrs": 0
        },
        {
          "key": "ELM-30811",
          "summary": "   Fast Pay Setup for PNC ",
          "type": "Story",
          "status": "Closed",
          "tadFound": false,
          "tsFound": false,
          "totalPrs": 0
        },
        {
          "key": "ELM-38080",
          "summary": "T360 - CT Pipelines Modification",
          "type": "Story",
          "status": "Pre-Refinement",
          "tadFound": false,
          "tsFound": false,
          "totalPrs": 0
        },
        {
          "key": "ELM-38467",
          "summary": "T360 | UAT | Invoice Bulk Rejection Testing",
          "type": "Story",
          "status": "Closed",
          "tadFound": false,
          "tsFound": false,
          "totalPrs": 0
        },
        {
          "key": "ELM-38329",
          "summary": "T360 | 25.4.2 | Release Test Executions",
          "type": "Story",
          "status": "Closed",
          "tadFound": false,
          "tsFound": false,
          "totalPrs": 0
        },
        {
          "key": "ELM-37973",
          "summary": "T360 | Search All Invoices Beta Page Script Development",
          "type": "Story",
          "status": "Closed",
          "tadFound": false,
          "tsFound": false,
          "totalPrs": 0
        },
        {
          "key": "ELM-38079",
          "summary": "T360 - 25.4.2 Sprint testing",
          "type": "Story",
          "status": "Closed",
          "tadFound": false,
          "tsFound": false,
          "totalPrs": 0
        },
        {
          "key": "ELM-37902",
          "summary": "T360 | 25.4.1 | Release Test Executions",
          "type": "Story",
          "status": "Closed",
          "tadFound": false,
          "tsFound": false,
          "totalPrs": 0
        },
        {
          "key": "ELM-37786",
          "summary": "T360 | Data Dog Performance Test",
          "type": "Story",
          "status": "Closed",
          "tadFound": false,
          "tsFound": false,
          "totalPrs": 0
        }
      ]
    },
    "Nike": {
      "total": 12,
      "tadComplete": 0,
      "tsComplete": 3,
      "bothComplete": 0,
      "tadPct": 0.0,
      "tsPct": 25.0,
      "issues": [
        {
          "key": "ELM-35549",
          "summary": "LVD > Security Fix for Improper Session Management in Passport Framework v21.1.1",
          "type": "Story",
          "status": "Closed",
          "tadFound": false,
          "tsFound": true,
          "totalPrs": 0
        },
        {
          "key": "ELM-36486",
          "summary": "Qlik QEM upgrade version from 2023.5.0.285 to 2024.5.0.508",
          "type": "Story",
          "status": "Closed",
          "tadFound": false,
          "tsFound": false,
          "totalPrs": 0
        },
        {
          "key": "ELM-35921",
          "summary": "Mapping Rule (requirement) - generic keyword and typo results into false positive and missing correct placement respectively",
          "type": "Bug",
          "status": "Closed",
          "tadFound": false,
          "tsFound": false,
          "totalPrs": 0
        },
        {
          "key": "ELM-35898",
          "summary": "ALAS - Less than 1% matters have 'NULL' in MatterAreaId datafield",
          "type": "Bug",
          "status": "Closed",
          "tadFound": false,
          "tsFound": false,
          "totalPrs": 0
        },
        {
          "key": "ELM-36435",
          "summary": "[Qlik Behavior] - Qlik replication task includes system generated tables which were generated to manage SQL replication Meta data",
          "type": "Bug",
          "status": "Closed",
          "tadFound": false,
          "tsFound": false,
          "totalPrs": 0
        },
        {
          "key": "ELM-11206",
          "summary": "TDI Bank - Data Extract",
          "type": "Story",
          "status": "New",
          "tadFound": false,
          "tsFound": false,
          "totalPrs": 0
        },
        {
          "key": "ELM-38046",
          "summary": "Session not invalidated after password reset via admin reset password",
          "type": "Bug",
          "status": "Closed",
          "tadFound": false,
          "tsFound": false,
          "totalPrs": 0
        },
        {
          "key": "ELM-36480",
          "summary": "Upgrade Path for Qlik Replicate Version from 2023.5.0.874 to 2024.5.0.563",
          "type": "Story",
          "status": "Closed",
          "tadFound": false,
          "tsFound": false,
          "totalPrs": 0
        },
        {
          "key": "ELM-38037",
          "summary": "Sessionid is not invalidated when 2 tabs use the same sessionid",
          "type": "Bug",
          "status": "Closed",
          "tadFound": false,
          "tsFound": false,
          "totalPrs": 0
        },
        {
          "key": "ELM-36483",
          "summary": "Upgrade Qlik replicate version from 2023.5.0.874 to 2024.5.0.563",
          "type": "Story",
          "status": "Closed",
          "tadFound": false,
          "tsFound": true,
          "totalPrs": 0
        },
        {
          "key": "ELM-36482",
          "summary": "Upgrade Path for Qlik Enterprise Manager Version from 2023.5.0.285 to 2024.5.0.508",
          "type": "Story",
          "status": "Closed",
          "tadFound": false,
          "tsFound": true,
          "totalPrs": 0
        },
        {
          "key": "ELM-37785",
          "summary": "Qlik Compose Rollback - Version and generates incomplete Installer Logs",
          "type": "Bug",
          "status": "Closed",
          "tadFound": false,
          "tsFound": false,
          "totalPrs": 0
        }
      ]
    },
    "PP Pinnacles": {
      "total": 1,
      "tadComplete": 0,
      "tsComplete": 1,
      "bothComplete": 0,
      "tadPct": 0.0,
      "tsPct": 100.0,
      "issues": [
        {
          "key": "ELM-20792",
          "summary": "Warnings for Security Updates",
          "type": "Story",
          "status": "Closed",
          "tadFound": false,
          "tsFound": true,
          "totalPrs": 3
        }
      ]
    },
    "Titans": {
      "total": 20,
      "tadComplete": 9,
      "tsComplete": 8,
      "bothComplete": 6,
      "tadPct": 45.0,
      "tsPct": 40.0,
      "issues": [
        {
          "key": "ELM-37210",
          "summary": "Data source deletion in Embedfast",
          "type": "Story",
          "status": "Closed",
          "tadFound": true,
          "tsFound": true,
          "totalPrs": 1
        },
        {
          "key": "ELM-37209",
          "summary": "Workspace Deletion in Power BI",
          "type": "Story",
          "status": "Closed",
          "tadFound": true,
          "tsFound": true,
          "totalPrs": 3
        },
        {
          "key": "ELM-36335",
          "summary": "Embed Fast : Font Format Change in the Exported File",
          "type": "Bug",
          "status": "Closed",
          "tadFound": false,
          "tsFound": false,
          "totalPrs": 0
        },
        {
          "key": "ELM-36759",
          "summary": "Tenant Deletion in embedfast",
          "type": "Story",
          "status": "Closed",
          "tadFound": true,
          "tsFound": true,
          "totalPrs": 1
        },
        {
          "key": "ELM-38053",
          "summary": "Dataset RLS Role is assigned with \"Matter security\" instead of Matter Security",
          "type": "Bug",
          "status": "Closed",
          "tadFound": false,
          "tsFound": false,
          "totalPrs": 0
        },
        {
          "key": "ELM-38299",
          "summary": " PP-URP-Client-Offboarding Log needs to be updated",
          "type": "Bug",
          "status": "Closed",
          "tadFound": false,
          "tsFound": false,
          "totalPrs": 0
        },
        {
          "key": "ELM-35946",
          "summary": "Embed fast session is not getting expired when it is in home page",
          "type": "Bug",
          "status": "Closed",
          "tadFound": false,
          "tsFound": false,
          "totalPrs": 0
        },
        {
          "key": "ELM-35979",
          "summary": "Hyperlink for returning to application is not available when we click logout ",
          "type": "Bug",
          "status": "Closed",
          "tadFound": false,
          "tsFound": false,
          "totalPrs": 0
        },
        {
          "key": "ELM-36820",
          "summary": "Passport URP - Group asset and role assignment for embed fast",
          "type": "Story",
          "status": "Closed",
          "tadFound": true,
          "tsFound": false,
          "totalPrs": 2
        },
        {
          "key": "ELM-36083",
          "summary": "RLS Implementation Post EmbedFAST Integration for Power BI Spend Dashboard in Passport ",
          "type": "Story",
          "status": "Closed",
          "tadFound": true,
          "tsFound": false,
          "totalPrs": 6
        },
        {
          "key": "ELM-36703",
          "summary": "Passport URP - Update assets in embed fast",
          "type": "Story",
          "status": "Closed",
          "tadFound": true,
          "tsFound": false,
          "totalPrs": 3
        },
        {
          "key": "ELM-32385",
          "summary": "RLS Implementation Post EmbedFAST Integration for Power BI Spend Dashboard in Passport - Overview dashboard",
          "type": "Story",
          "status": "Closed",
          "tadFound": false,
          "tsFound": true,
          "totalPrs": 2
        },
        {
          "key": "ELM-36714",
          "summary": "Passport URP - Group creation for embed fast",
          "type": "Story",
          "status": "Closed",
          "tadFound": true,
          "tsFound": true,
          "totalPrs": 8
        },
        {
          "key": "ELM-34579",
          "summary": "Passport URP - Tenant import in embed fast",
          "type": "Story",
          "status": "Closed",
          "tadFound": false,
          "tsFound": true,
          "totalPrs": 0
        },
        {
          "key": "ELM-37550",
          "summary": "Unable to add users into Group",
          "type": "Bug",
          "status": "Closed",
          "tadFound": false,
          "tsFound": false,
          "totalPrs": 0
        },
        {
          "key": "ELM-37567",
          "summary": "Pipeline failure message was unclear",
          "type": "Bug",
          "status": "Closed",
          "tadFound": false,
          "tsFound": false,
          "totalPrs": 0
        },
        {
          "key": "ELM-37566",
          "summary": "Datasource creation is getting failed",
          "type": "Bug",
          "status": "Closed",
          "tadFound": false,
          "tsFound": false,
          "totalPrs": 0
        },
        {
          "key": "ELM-37958",
          "summary": "Description for Invoice volume summary dashboard and Review time by primary internal contact and volume chart is not as expected ",
          "type": "Bug",
          "status": "Closed",
          "tadFound": false,
          "tsFound": false,
          "totalPrs": 1
        },
        {
          "key": "ELM-29173",
          "summary": "Create a Semantic model without import mode for Spend Overview Dashboard ",
          "type": "Story",
          "status": "Closed",
          "tadFound": true,
          "tsFound": true,
          "totalPrs": 2
        },
        {
          "key": "ELM-29212",
          "summary": "Create a Semantic model using import, direct or hybrid mode to support Spend Overview Dashboard  ",
          "type": "Story",
          "status": "Closed",
          "tadFound": true,
          "tsFound": true,
          "totalPrs": 3
        }
      ]
    },
    "PP Platform Maintenance": {
      "total": 5,
      "tadComplete": 3,
      "tsComplete": 2,
      "bothComplete": 2,
      "tadPct": 60.0,
      "tsPct": 40.0,
      "issues": [
        {
          "key": "ELM-30750",
          "summary": "[TEC-408912] - Train fix - Fix for Internal Server Error vulnerability ",
          "type": "Bug",
          "status": "Closed",
          "tadFound": true,
          "tsFound": false,
          "totalPrs": 7
        },
        {
          "key": "ELM-31812",
          "summary": "[TEC-431718] - Train Fix: Passport-QVC-23.2.3-IncreaseReassignInvoiceNotificationToAddressCharacter  ",
          "type": "Bug",
          "status": "Re-finement",
          "tadFound": true,
          "tsFound": true,
          "totalPrs": 1
        },
        {
          "key": "ELM-28401",
          "summary": "[TEC-418510] - Train Fix - Pending Matter Budgets moving to Error manager with error : User does not have appropriate rights error.",
          "type": "Bug",
          "status": "Re-finement",
          "tadFound": true,
          "tsFound": true,
          "totalPrs": 1
        },
        {
          "key": "ELM-13750",
          "summary": "Engg-Scheduled Survey Job",
          "type": "Story",
          "status": "Closed",
          "tadFound": false,
          "tsFound": false,
          "totalPrs": 0
        },
        {
          "key": "ELM-37144",
          "summary": "IManage 4.0.2- Adding doc/Folder with lookup custom field getting \"doc.service.dm.api.error\"",
          "type": "Bug",
          "status": "New",
          "tadFound": false,
          "tsFound": false,
          "totalPrs": 0
        }
      ]
    },
    "PP Spartans": {
      "total": 1,
      "tadComplete": 0,
      "tsComplete": 0,
      "bothComplete": 0,
      "tadPct": 0.0,
      "tsPct": 0.0,
      "issues": [
        {
          "key": "ELM-14100",
          "summary": "MA | Create LE from Legal Engagement and view LE's for the matter",
          "type": "Story",
          "status": "Closed",
          "tadFound": false,
          "tsFound": false,
          "totalPrs": 0
        }
      ]
    },
    "Oasis Allstars": {
      "total": 13,
      "tadComplete": 7,
      "tsComplete": 0,
      "bothComplete": 0,
      "tadPct": 53.84615384615385,
      "tsPct": 0.0,
      "issues": [
        {
          "key": "ELM-37847",
          "summary": "Failed testcases for UAA API",
          "type": "Bug",
          "status": "New",
          "tadFound": false,
          "tsFound": false,
          "totalPrs": 0
        },
        {
          "key": "ELM-23172",
          "summary": "Remediate Spring Boot 2.x Critical CVEs in UAA service by Upgrading to Spring boot 3.x",
          "type": "Story",
          "status": "Code Complete",
          "tadFound": false,
          "tsFound": false,
          "totalPrs": 3
        },
        {
          "key": "ELM-34740",
          "summary": "Issue with DELETE api/tenant/{id}",
          "type": "Bug",
          "status": "Code Complete",
          "tadFound": false,
          "tsFound": false,
          "totalPrs": 2
        },
        {
          "key": "ELM-35042",
          "summary": "UAA  Remediate high vulnerabilities in Spring Security, Apache Kafka, Postgres",
          "type": "Story",
          "status": "Code Complete",
          "tadFound": true,
          "tsFound": false,
          "totalPrs": 5
        },
        {
          "key": "ELM-35041",
          "summary": "UAA  Remediate Medium vulnerabilities (apache fileupload, Nimbis Jose etc)",
          "type": "Story",
          "status": "Code Complete",
          "tadFound": true,
          "tsFound": false,
          "totalPrs": 3
        },
        {
          "key": "ELM-37142",
          "summary": "Benchmark - Remediate Medium Vulnerabilities in Netty",
          "type": "Story",
          "status": "Code Complete",
          "tadFound": true,
          "tsFound": false,
          "totalPrs": 1
        },
        {
          "key": "ELM-23380",
          "summary": "Benchmark : Remediate Medium CVEs in apache dependencies",
          "type": "Story",
          "status": "Code Complete",
          "tadFound": false,
          "tsFound": false,
          "totalPrs": 1
        },
        {
          "key": "ELM-37139",
          "summary": "Benchmark - Remediate High Vulnerabilities in Apache Tomcat 10.1.34",
          "type": "Story",
          "status": "Code Complete",
          "tadFound": false,
          "tsFound": false,
          "totalPrs": 1
        },
        {
          "key": "ELM-37138",
          "summary": "Benchmark - Remediate High Vulnerabilities in Angus Mail smtp provider 2.0.3",
          "type": "Story",
          "status": "Code Complete",
          "tadFound": true,
          "tsFound": false,
          "totalPrs": 1
        },
        {
          "key": "ELM-37140",
          "summary": "Benchmark - Remediate Medium Vulnerabilities in Spring Security",
          "type": "Story",
          "status": "Code Complete",
          "tadFound": true,
          "tsFound": false,
          "totalPrs": 3
        },
        {
          "key": "ELM-32644",
          "summary": "Gateway service Remediate the critical CVEs in Jackson Data Mapper ",
          "type": "Story",
          "status": "In Progress",
          "tadFound": true,
          "tsFound": false,
          "totalPrs": 2
        },
        {
          "key": "ELM-23173",
          "summary": "Gateway service Remediate Spring Boot 2.x critical CVEs by upgrading to Spring Boot 3.x.",
          "type": "Story",
          "status": "Closed",
          "tadFound": true,
          "tsFound": false,
          "totalPrs": 11
        },
        {
          "key": "ELM-23170",
          "summary": "Workflow: Address critical security risks in Spring Boot and Spring Framework dependencies identified in the Black Duck scan",
          "type": "Story",
          "status": "Closed",
          "tadFound": false,
          "tsFound": false,
          "totalPrs": 0
        }
      ]
    },
    "Avengers": {
      "total": 1,
      "tadComplete": 0,
      "tsComplete": 0,
      "bothComplete": 0,
      "tadPct": 0.0,
      "tsPct": 0.0,
      "issues": [
        {
          "key": "ELM-38055",
          "summary": "test bug for Avengers board",
          "type": "Bug",
          "status": "Closed",
          "tadFound": false,
          "tsFound": false,
          "totalPrs": 0
        }
      ]
    },
    "IDT": {
      "total": 1,
      "tadComplete": 0,
      "tsComplete": 0,
      "bothComplete": 0,
      "tadPct": 0.0,
      "tsPct": 0.0,
      "issues": [
        {
          "key": "ELM-1811",
          "summary": "Upgrade Java Versions for Hosted Clients",
          "type": "Story",
          "status": "Closed",
          "tadFound": false,
          "tsFound": false,
          "totalPrs": 0
        }
      ]
    }
  }
}