{
  "dateRange": "2025-06-01 to 2025-06-30",
  "generated": "2026-01-08 09:54:55",
  "summary": {
    "total": 181,
    "tadComplete": 16,
    "tsComplete": 44,
    "bothComplete": 15,
    "missingTad": 165,
    "missingTs": 137,
    "tadPct": 8.83977900552486,
    "tsPct": 24.30939226519337,
    "bothPct": 8.287292817679557,
    "missingTadPct": 91.16022099447514,
    "missingTsPct": 75.69060773480662
  },
  "teams": {
    "PP Pioneers": {
      "total": 22,
      "tadComplete": 0,
      "tsComplete": 2,
      "bothComplete": 0,
      "tadPct": 0.0,
      "tsPct": 9.090909090909092,
      "issues": [
        {
          "key": "ELM-34144",
          "summary": "Patch Installer cannot successfully decrypt the new encryption algorithm that was added in 25.1",
          "type": "Bug",
          "status": "New",
          "tadFound": false,
          "tsFound": false,
          "totalPrs": 0
        },
        {
          "key": "ELM-34042",
          "summary": "PHAE complete the work",
          "type": "Story",
          "status": "New",
          "tadFound": false,
          "tsFound": false,
          "totalPrs": 0
        },
        {
          "key": "ELM-28982",
          "summary": "CP-LE Adapter Microservice -  Upgrade Netty Library and any others flagged by Blackduck",
          "type": "Story",
          "status": "New",
          "tadFound": false,
          "tsFound": false,
          "totalPrs": 0
        },
        {
          "key": "ELM-26897",
          "summary": "   RV Microservice - Blackduck Vulnerability - ApacheTomcat -10.1.30 ",
          "type": "Story",
          "status": "New",
          "tadFound": false,
          "tsFound": false,
          "totalPrs": 0
        },
        {
          "key": "ELM-29242",
          "summary": "   SonarQube: MD2, MD4 and MD5 are weak hash functions\u00a0- CP Trunk ",
          "type": "Story",
          "status": "New",
          "tadFound": false,
          "tsFound": false,
          "totalPrs": 0
        },
        {
          "key": "ELM-3146",
          "summary": "Adjust where glowroot settings are set during container deployment for consistency",
          "type": "Story",
          "status": "New",
          "tadFound": false,
          "tsFound": false,
          "totalPrs": 0
        },
        {
          "key": "ELM-3030",
          "summary": "Exchange Rate Logic Rewrite",
          "type": "Story",
          "status": "New",
          "tadFound": false,
          "tsFound": false,
          "totalPrs": 0
        },
        {
          "key": "ELM-3145",
          "summary": "Pupload Removal",
          "type": "Story",
          "status": "New",
          "tadFound": false,
          "tsFound": false,
          "totalPrs": 0
        },
        {
          "key": "ELM-24893",
          "summary": "   Trunk update to Tunnel jar from ELM-24730 ",
          "type": "Bug",
          "status": "Closed",
          "tadFound": false,
          "tsFound": false,
          "totalPrs": 3
        },
        {
          "key": "ELM-15241",
          "summary": "LE Law firm user email change to not change external ID",
          "type": "Story",
          "status": "Analyze",
          "tadFound": false,
          "tsFound": false,
          "totalPrs": 0
        },
        {
          "key": "ELM-15376",
          "summary": "LE Law firm user registration expiration to 14 days",
          "type": "Story",
          "status": "New",
          "tadFound": false,
          "tsFound": false,
          "totalPrs": 0
        },
        {
          "key": "ELM-15371",
          "summary": "LE Law firm password to support special characters beyond @#$%^&+=!",
          "type": "Story",
          "status": "New",
          "tadFound": false,
          "tsFound": false,
          "totalPrs": 0
        },
        {
          "key": "ELM-15451",
          "summary": "LE | Person-Level permissions",
          "type": "Story",
          "status": "New",
          "tadFound": false,
          "tsFound": true,
          "totalPrs": 0
        },
        {
          "key": "ELM-15646",
          "summary": "LE | Analysis Multicurrency support & Integration with TF",
          "type": "Story",
          "status": "New",
          "tadFound": false,
          "tsFound": false,
          "totalPrs": 0
        },
        {
          "key": "ELM-15648",
          "summary": "LE | CP Adapter Pipeline Security Scans - Sonar cube",
          "type": "Story",
          "status": "New",
          "tadFound": false,
          "tsFound": false,
          "totalPrs": 0
        },
        {
          "key": "ELM-15631",
          "summary": "Update UserAdd to not allow creation of New User Reg Request if the user already exists in CP",
          "type": "Story",
          "status": "New",
          "tadFound": false,
          "tsFound": false,
          "totalPrs": 0
        },
        {
          "key": "ELM-15441",
          "summary": "LE Law firm user forgot password",
          "type": "Story",
          "status": "New",
          "tadFound": false,
          "tsFound": false,
          "totalPrs": 0
        },
        {
          "key": "ELM-15659",
          "summary": "LE Law firm user Password reset & inactive to active flow support",
          "type": "Story",
          "status": "Re-finement",
          "tadFound": false,
          "tsFound": false,
          "totalPrs": 0
        },
        {
          "key": "ELM-15665",
          "summary": "LC - User registration expiration specific for LC user",
          "type": "Story",
          "status": "Re-finement",
          "tadFound": false,
          "tsFound": false,
          "totalPrs": 0
        },
        {
          "key": "ELM-15660",
          "summary": "LE | Rate field decimal support",
          "type": "Story",
          "status": "New",
          "tadFound": false,
          "tsFound": true,
          "totalPrs": 0
        },
        {
          "key": "ELM-15638",
          "summary": "Changes required to flag Clients that have LC",
          "type": "Story",
          "status": "Re-finement",
          "tadFound": false,
          "tsFound": false,
          "totalPrs": 0
        },
        {
          "key": "ELM-32735",
          "summary": "LNP CP emails w/ embedded screens aren't rendering the screens",
          "type": "Bug",
          "status": "Closed",
          "tadFound": false,
          "tsFound": false,
          "totalPrs": 0
        }
      ]
    },
    "PP Platform Maintenance": {
      "total": 2,
      "tadComplete": 0,
      "tsComplete": 0,
      "bothComplete": 0,
      "tadPct": 0.0,
      "tsPct": 0.0,
      "issues": [
        {
          "key": "ELM-25299",
          "summary": "         SonarQube Framework : Security Medium- MD2, MD4 and MD5 are weak hash functions and Cipher with no integrity  ",
          "type": "Story",
          "status": "Closed",
          "tadFound": false,
          "tsFound": false,
          "totalPrs": 4
        },
        {
          "key": "ELM-17475",
          "summary": "[24.2.3][TEC-409858] Engg Analysis - Pre Existing issues UI",
          "type": "Bug",
          "status": "Closed",
          "tadFound": false,
          "tsFound": false,
          "totalPrs": 5
        }
      ]
    },
    "QA Perf Testing": {
      "total": 18,
      "tadComplete": 0,
      "tsComplete": 0,
      "bothComplete": 0,
      "tadPct": 0.0,
      "tsPct": 0.0,
      "issues": [
        {
          "key": "ELM-34115",
          "summary": "T360 | GET-47628 | Test Invoice Awaiting My Review Page with In TPA Review Invoices",
          "type": "Story",
          "status": "Closed",
          "tadFound": false,
          "tsFound": false,
          "totalPrs": 0
        },
        {
          "key": "ELM-34002",
          "summary": "T360 | 25.2.6 | Release Test Executions",
          "type": "Story",
          "status": "Closed",
          "tadFound": false,
          "tsFound": false,
          "totalPrs": 0
        },
        {
          "key": "ELM-34039",
          "summary": "T360 - 25.2.6  Release Perf testing",
          "type": "Story",
          "status": "Closed",
          "tadFound": false,
          "tsFound": false,
          "totalPrs": 0
        },
        {
          "key": "ELM-23941",
          "summary": "Run pipelines to install Passport bundles in LNP env",
          "type": "Story",
          "status": "Closed",
          "tadFound": false,
          "tsFound": false,
          "totalPrs": 0
        },
        {
          "key": "ELM-20353",
          "summary": "Chaos testing using Azure Chaos Studio",
          "type": "Story",
          "status": "Closed",
          "tadFound": false,
          "tsFound": false,
          "totalPrs": 0
        },
        {
          "key": "ELM-33292",
          "summary": "T360 | Develop JMeter script for My Team's Budget Awaiting My Review Gadget",
          "type": "Story",
          "status": "Closed",
          "tadFound": false,
          "tsFound": false,
          "totalPrs": 0
        },
        {
          "key": "ELM-33645",
          "summary": "T360 - Collaborate with Sprint teams PI 3 Planning",
          "type": "Story",
          "status": "Closed",
          "tadFound": false,
          "tsFound": false,
          "totalPrs": 0
        },
        {
          "key": "ELM-32829",
          "summary": "Passport|Requirement understanding for ELM-31368| Custom Attribute Support in eDocs and CP Matter Collaboration",
          "type": "Story",
          "status": "Closed",
          "tadFound": false,
          "tsFound": false,
          "totalPrs": 0
        },
        {
          "key": "ELM-33136",
          "summary": "Passport - Agent setup in blazemeter ",
          "type": "Story",
          "status": "Closed",
          "tadFound": false,
          "tsFound": false,
          "totalPrs": 0
        },
        {
          "key": "ELM-33142",
          "summary": "T360 | Develop JMeter Script for Bulk Paid and Processed submission from My Drafts",
          "type": "Story",
          "status": "Closed",
          "tadFound": false,
          "tsFound": false,
          "totalPrs": 0
        },
        {
          "key": "ELM-33008",
          "summary": "T360 | 25.2.5 | Release Test Executions",
          "type": "Story",
          "status": "Closed",
          "tadFound": false,
          "tsFound": false,
          "totalPrs": 0
        },
        {
          "key": "ELM-21654",
          "summary": "T360 - Setup Integration Jobs in Perf",
          "type": "Story",
          "status": "Closed",
          "tadFound": false,
          "tsFound": false,
          "totalPrs": 0
        },
        {
          "key": "ELM-28133",
          "summary": "T360 | BP Agile | Invoice Search using Financial Department",
          "type": "Story",
          "status": "Closed",
          "tadFound": false,
          "tsFound": false,
          "totalPrs": 0
        },
        {
          "key": "ELM-29183",
          "summary": "   T360 | Latest Top-300 pages analysis ",
          "type": "Story",
          "status": "Closed",
          "tadFound": false,
          "tsFound": false,
          "totalPrs": 0
        },
        {
          "key": "ELM-32727",
          "summary": "T360 | Develop JMeter Script for Third-Party Direct Pay Search Invoices",
          "type": "Story",
          "status": "Closed",
          "tadFound": false,
          "tsFound": false,
          "totalPrs": 0
        },
        {
          "key": "ELM-32807",
          "summary": "T360 | Develop JMeter Script for E2E Third-Party Direct Pay Reassign Invoices",
          "type": "Story",
          "status": "Closed",
          "tadFound": false,
          "tsFound": false,
          "totalPrs": 0
        },
        {
          "key": "ELM-29514",
          "summary": "   Passport|ELM-12065 [Trunk] Include Primary Keys to all bridge tables in Passport ",
          "type": "Story",
          "status": "Closed",
          "tadFound": false,
          "tsFound": false,
          "totalPrs": 0
        },
        {
          "key": "ELM-29516",
          "summary": "   Passport|Lowes|Requirement understanding ",
          "type": "Story",
          "status": "Closed",
          "tadFound": false,
          "tsFound": false,
          "totalPrs": 0
        }
      ]
    },
    "Guardians": {
      "total": 28,
      "tadComplete": 2,
      "tsComplete": 11,
      "bothComplete": 2,
      "tadPct": 7.142857142857142,
      "tsPct": 39.285714285714285,
      "issues": [
        {
          "key": "ELM-32247",
          "summary": "   Cognos Upgrade from 11.1.1 to 11.2.4 IF5 Upgrade Azure  ",
          "type": "Story",
          "status": "Closed",
          "tadFound": false,
          "tsFound": true,
          "totalPrs": 0
        },
        {
          "key": "ELM-31966",
          "summary": "   Cognos 11.2.4 IF5 Fresh Installation Azure ",
          "type": "Story",
          "status": "Closed",
          "tadFound": false,
          "tsFound": true,
          "totalPrs": 0
        },
        {
          "key": "ELM-29851",
          "summary": "   Cognos Upgrade from 11.1.1 to 11.2.4 IF4  Upgrade Azure ",
          "type": "Story",
          "status": "Closed",
          "tadFound": false,
          "tsFound": true,
          "totalPrs": 0
        },
        {
          "key": "ELM-33152",
          "summary": "Investigate Cognos Email Delivery Error",
          "type": "Bug",
          "status": "Closed",
          "tadFound": false,
          "tsFound": false,
          "totalPrs": 0
        },
        {
          "key": "ELM-33917",
          "summary": "DHL Configuration as Data Contributor of LVDWH",
          "type": "Story",
          "status": "New",
          "tadFound": false,
          "tsFound": false,
          "totalPrs": 0
        },
        {
          "key": "ELM-28522",
          "summary": "CenterPoint Configuration of  Real Rate Report",
          "type": "Story",
          "status": "Analyze",
          "tadFound": false,
          "tsFound": false,
          "totalPrs": 0
        },
        {
          "key": "ELM-19902",
          "summary": "Centerpoint (PH0082) - Rate Benchmark Dashboard Setup",
          "type": "Story",
          "status": "Closed",
          "tadFound": false,
          "tsFound": false,
          "totalPrs": 0
        },
        {
          "key": "ELM-29539",
          "summary": "   LVD ETL execution - Full Load - Tymetrix360ProxyBI to staging load - AFA_Rule table gets duplicate while loading ",
          "type": "Bug",
          "status": "Analyze",
          "tadFound": false,
          "tsFound": false,
          "totalPrs": 0
        },
        {
          "key": "ELM-29852",
          "summary": "   Cognos upgrade from 11.1.1 to 11.2.4 IF4  Upgrade Windows  ",
          "type": "Story",
          "status": "Closed",
          "tadFound": false,
          "tsFound": true,
          "totalPrs": 0
        },
        {
          "key": "ELM-33774",
          "summary": "LVD SSIS Package changes -Add CDC Module to Passport Datamart load Package  Create Manifest and Deployment Package",
          "type": "Story",
          "status": "New",
          "tadFound": false,
          "tsFound": true,
          "totalPrs": 0
        },
        {
          "key": "ELM-30897",
          "summary": "Qlik Replicate Upgrade Implementation 2025",
          "type": "Story",
          "status": "Pre-Refinement",
          "tadFound": false,
          "tsFound": false,
          "totalPrs": 0
        },
        {
          "key": "ELM-30898",
          "summary": "Qlik Enterprise Manager Upgrade Implementation 2025",
          "type": "Story",
          "status": "Pre-Refinement",
          "tadFound": false,
          "tsFound": false,
          "totalPrs": 0
        },
        {
          "key": "ELM-30899",
          "summary": "Qlik Compose Upgrade Implementation 2025",
          "type": "Story",
          "status": "Pre-Refinement",
          "tadFound": false,
          "tsFound": false,
          "totalPrs": 0
        },
        {
          "key": "ELM-31929",
          "summary": "   Qlik upgrade Lower Production  ",
          "type": "Story",
          "status": "New",
          "tadFound": false,
          "tsFound": false,
          "totalPrs": 0
        },
        {
          "key": "ELM-28611",
          "summary": "Matter Mapping  Store Procedure Creation  Argo Configuration of  legal view & Manifest Creation",
          "type": "Story",
          "status": "Pre-Refinement",
          "tadFound": false,
          "tsFound": false,
          "totalPrs": 0
        },
        {
          "key": "ELM-33603",
          "summary": "Implement Permanent Fix for Login Issue (TEC-429166)",
          "type": "Story",
          "status": "New",
          "tadFound": false,
          "tsFound": false,
          "totalPrs": 0
        },
        {
          "key": "ELM-33602",
          "summary": "Fix '0K' Display Issue in Matter Inventory",
          "type": "Story",
          "status": "New",
          "tadFound": false,
          "tsFound": false,
          "totalPrs": 0
        },
        {
          "key": "ELM-33601",
          "summary": "Client Name Refresh: LVD has outdated client names",
          "type": "Story",
          "status": "New",
          "tadFound": false,
          "tsFound": false,
          "totalPrs": 0
        },
        {
          "key": "ELM-29418",
          "summary": "   Cognos upgrade to latest 11.1.7 to 11.2.4 IF4  Upgrade Windows  ",
          "type": "Story",
          "status": "Closed",
          "tadFound": false,
          "tsFound": true,
          "totalPrs": 0
        },
        {
          "key": "ELM-11339",
          "summary": "Cognos Upgrade from 11.1.7  to 11.2.4 IF4  Upgrade Azure",
          "type": "Story",
          "status": "Closed",
          "tadFound": true,
          "tsFound": true,
          "totalPrs": 4
        },
        {
          "key": "ELM-32769",
          "summary": "PERF| ELM-31965| STD REPORTS| COGNOS Version 11.2.4.5 IF5| Report loading time exceeds defined SLA (> 10 seconds) 1 month date range ",
          "type": "Bug",
          "status": "Closed",
          "tadFound": false,
          "tsFound": false,
          "totalPrs": 0
        },
        {
          "key": "ELM-32392",
          "summary": "   Setting up a new LBA Staging Database for LifePoint  C00113(T360 Client)",
          "type": "Story",
          "status": "Analyze",
          "tadFound": false,
          "tsFound": true,
          "totalPrs": 0
        },
        {
          "key": "ELM-32027",
          "summary": "Automate Passport DWH container restart on db connection failure  19.2",
          "type": "Story",
          "status": "Closed",
          "tadFound": false,
          "tsFound": true,
          "totalPrs": 1
        },
        {
          "key": "ELM-32736",
          "summary": "DWH 19.2 - Errors in DWH install log",
          "type": "Bug",
          "status": "Closed",
          "tadFound": false,
          "tsFound": false,
          "totalPrs": 0
        },
        {
          "key": "ELM-29417",
          "summary": "Cognos upgrade SDK 3.4.1 Azure",
          "type": "Story",
          "status": "Closed",
          "tadFound": true,
          "tsFound": true,
          "totalPrs": 1
        },
        {
          "key": "ELM-32632",
          "summary": "Scroll Not Working Properly After Expanding Values \u2013 Bottom of Prompt Page Not Visible",
          "type": "Bug",
          "status": "Closed",
          "tadFound": false,
          "tsFound": false,
          "totalPrs": 0
        },
        {
          "key": "ELM-30954",
          "summary": "   Automate Passport DWH container restart on DB connection failure 21.1 ",
          "type": "Story",
          "status": "Closed",
          "tadFound": false,
          "tsFound": true,
          "totalPrs": 1
        },
        {
          "key": "ELM-11150",
          "summary": "Denny's - Create Matter Mapping stored procedure",
          "type": "Story",
          "status": "Refined",
          "tadFound": false,
          "tsFound": false,
          "totalPrs": 0
        }
      ]
    },
    "PP Genesis": {
      "total": 26,
      "tadComplete": 3,
      "tsComplete": 3,
      "bothComplete": 2,
      "tadPct": 11.538461538461538,
      "tsPct": 11.538461538461538,
      "issues": [
        {
          "key": "ELM-34073",
          "summary": "OC| Check In issue not working",
          "type": "Bug",
          "status": "New",
          "tadFound": false,
          "tsFound": false,
          "totalPrs": 0
        },
        {
          "key": "ELM-31371",
          "summary": "eDocs 2.3.0 - Custom Attribute Mapping During Workspace Creation",
          "type": "Story",
          "status": "Analyze",
          "tadFound": false,
          "tsFound": false,
          "totalPrs": 0
        },
        {
          "key": "ELM-32991",
          "summary": "TO-660 -Eng Analysis - SPOL 4.0.2 - HIG -Passport Slowness in Search and Data Addition - INC000027423469",
          "type": "Bug",
          "status": "Closed",
          "tadFound": false,
          "tsFound": false,
          "totalPrs": 0
        },
        {
          "key": "ELM-32030",
          "summary": " TO-536: SPOL 4.0.2: HIG: OC Email Description is not visible in Passport UI ",
          "type": "Bug",
          "status": "Closed",
          "tadFound": false,
          "tsFound": false,
          "totalPrs": 0
        },
        {
          "key": "ELM-28552",
          "summary": "BW: OC Spinning Issue in Outlook - Workaround - Batch File",
          "type": "Bug",
          "status": "Closed",
          "tadFound": true,
          "tsFound": true,
          "totalPrs": 1
        },
        {
          "key": "ELM-32396",
          "summary": "   eDocs 2.5.0  Custom Attribute Support for OC ",
          "type": "Story",
          "status": "New",
          "tadFound": false,
          "tsFound": false,
          "totalPrs": 0
        },
        {
          "key": "ELM-30023",
          "summary": "   Bridgwater: OC 1.13.2.1 - OC Passive Installer Hanging ",
          "type": "Story",
          "status": "New",
          "tadFound": false,
          "tsFound": false,
          "totalPrs": 0
        },
        {
          "key": "ELM-31522",
          "summary": "   iManage 4.0.1 - Recursive Search for the Filters ",
          "type": "Story",
          "status": "New",
          "tadFound": false,
          "tsFound": false,
          "totalPrs": 0
        },
        {
          "key": "ELM-32403",
          "summary": "   eDocs - Document search by name is not working in eDocs ",
          "type": "Story",
          "status": "New",
          "tadFound": false,
          "tsFound": false,
          "totalPrs": 0
        },
        {
          "key": "ELM-33226",
          "summary": "eDocs 2.3.0 - People based Matter Collaboration for CP",
          "type": "Story",
          "status": "Analyze",
          "tadFound": false,
          "tsFound": false,
          "totalPrs": 0
        },
        {
          "key": "ELM-32397",
          "summary": "   eDocs 2.5.0 COA support for OC ",
          "type": "Story",
          "status": "New",
          "tadFound": false,
          "tsFound": false,
          "totalPrs": 0
        },
        {
          "key": "ELM-32621",
          "summary": "iManage - Fix Sorting on Name Field for Documents and Emails",
          "type": "Story",
          "status": "New",
          "tadFound": false,
          "tsFound": false,
          "totalPrs": 0
        },
        {
          "key": "ELM-32551",
          "summary": "   Schedule job for  updating the custom attributes for Existing Matters ",
          "type": "Story",
          "status": "New",
          "tadFound": false,
          "tsFound": false,
          "totalPrs": 0
        },
        {
          "key": "ELM-33773",
          "summary": "Tech Debt - Handle the Email Document object across connectors for the Main Documents Page",
          "type": "Story",
          "status": "New",
          "tadFound": false,
          "tsFound": false,
          "totalPrs": 0
        },
        {
          "key": "ELM-33399",
          "summary": "CP: Error When Applying 'Does Not Contain' Filter on Name Field",
          "type": "Bug",
          "status": "Closed",
          "tadFound": false,
          "tsFound": false,
          "totalPrs": 0
        },
        {
          "key": "ELM-30978",
          "summary": " iManage-4.0.1  Display and Create Nested Template Folders in UI and iManage ",
          "type": "Bug",
          "status": "Closed",
          "tadFound": true,
          "tsFound": true,
          "totalPrs": 5
        },
        {
          "key": "ELM-33176",
          "summary": "eDocs : 2.3.0 : CustomDateTime : Not able to update and save Time field",
          "type": "Bug",
          "status": "Closed",
          "tadFound": false,
          "tsFound": false,
          "totalPrs": 0
        },
        {
          "key": "ELM-24087",
          "summary": "Feign JARs to be included with the Passport feature bundle archive via., pipeline",
          "type": "Story",
          "status": "Closed",
          "tadFound": false,
          "tsFound": false,
          "totalPrs": 0
        },
        {
          "key": "ELM-32827",
          "summary": "eDocs : 2.3.0 : Custom Attributes : Custom Lookup values not displayed on Document Summary Page and Rename Page",
          "type": "Bug",
          "status": "Closed",
          "tadFound": false,
          "tsFound": false,
          "totalPrs": 1
        },
        {
          "key": "ELM-32888",
          "summary": "eDocs : 2.3.0 : Created At and Updated At column shows empty value on Document List page",
          "type": "Bug",
          "status": "Closed",
          "tadFound": false,
          "tsFound": false,
          "totalPrs": 0
        },
        {
          "key": "ELM-32848",
          "summary": "eDocs : 2.3.0 : Custom Date Time Fields populates incorrect value on eDocs Server",
          "type": "Bug",
          "status": "Closed",
          "tadFound": true,
          "tsFound": false,
          "totalPrs": 2
        },
        {
          "key": "ELM-32853",
          "summary": "eDoc 2.3.0-CP- Folders created via the UI are displayed in the (CP) with a download icon. Attempting to download such a folder results in an error. Additionally, if a document is added inside the folder, it is not viewable from CP",
          "type": "Bug",
          "status": "Closed",
          "tadFound": false,
          "tsFound": false,
          "totalPrs": 0
        },
        {
          "key": "ELM-20724",
          "summary": "Validate Engineering Process for Connection Pools in Error Conditions",
          "type": "Story",
          "status": "New",
          "tadFound": false,
          "tsFound": false,
          "totalPrs": 0
        },
        {
          "key": "ELM-31978",
          "summary": "   Doc-Connector - Dependency Management in Document connector bundle ",
          "type": "Story",
          "status": "Closed",
          "tadFound": false,
          "tsFound": true,
          "totalPrs": 1
        },
        {
          "key": "ELM-32824",
          "summary": "PP 22.2.6 : TK Bulk Upload fails due to issues with the import sheet on the PP side",
          "type": "Bug",
          "status": "Closed",
          "tadFound": false,
          "tsFound": false,
          "totalPrs": 2
        },
        {
          "key": "ELM-32828",
          "summary": "eDocs 2.3.0: When you rename a Document that has custom attributes, it does not reflect the updated name on the eDocs server",
          "type": "Bug",
          "status": "Closed",
          "tadFound": false,
          "tsFound": false,
          "totalPrs": 0
        }
      ]
    },
    "IDT": {
      "total": 1,
      "tadComplete": 0,
      "tsComplete": 0,
      "bothComplete": 0,
      "tadPct": 0.0,
      "tsPct": 0.0,
      "issues": [
        {
          "key": "ELM-19951",
          "summary": "Script to fetch secrets doesn't use TLS v2 by default",
          "type": "Bug",
          "status": "New",
          "tadFound": false,
          "tsFound": false,
          "totalPrs": 0
        }
      ]
    },
    "PP Spartacles": {
      "total": 33,
      "tadComplete": 7,
      "tsComplete": 11,
      "bothComplete": 7,
      "tadPct": 21.21212121212121,
      "tsPct": 33.33333333333333,
      "issues": [
        {
          "key": "ELM-28361",
          "summary": "   User unable to edit a new PIC with an existing records ",
          "type": "Bug",
          "status": "Closed",
          "tadFound": false,
          "tsFound": false,
          "totalPrs": 0
        },
        {
          "key": "ELM-30407",
          "summary": "[Drools Upgrade] [Base Rules] - Upgrade Invoice Complete Routing Flow",
          "type": "Story",
          "status": "Closed",
          "tadFound": false,
          "tsFound": true,
          "totalPrs": 6
        },
        {
          "key": "ELM-30344",
          "summary": "   [Drools Upgrade] [Base Rules] - Upgrade Framework to Drools 7.74.1.Final   ",
          "type": "Story",
          "status": "Closed",
          "tadFound": false,
          "tsFound": true,
          "totalPrs": 15
        },
        {
          "key": "ELM-25313",
          "summary": "   Passport URP - Create Access Token with specific claim details",
          "type": "Story",
          "status": "Closed",
          "tadFound": false,
          "tsFound": false,
          "totalPrs": 0
        },
        {
          "key": "ELM-33169",
          "summary": "PP 25.2_Exception throwing when post invoice for currency which does not have exchange rate",
          "type": "Bug",
          "status": "Closed",
          "tadFound": false,
          "tsFound": false,
          "totalPrs": 1
        },
        {
          "key": "ELM-33339",
          "summary": "PP 25.2_Exceeds Phase Budget : Warn rule not get fired when both reject and warn action configured",
          "type": "Bug",
          "status": "Closed",
          "tadFound": false,
          "tsFound": false,
          "totalPrs": 0
        },
        {
          "key": "ELM-33048",
          "summary": "Develop a New Method in T360 Identity Server for Launching EmbedFAST UI from Passport",
          "type": "Story",
          "status": "Re-finement",
          "tadFound": false,
          "tsFound": false,
          "totalPrs": 0
        },
        {
          "key": "ELM-23519",
          "summary": "Address Sonarqube finding for Potential Path Traversal vulnerabilities for reading",
          "type": "Story",
          "status": "Closed",
          "tadFound": false,
          "tsFound": false,
          "totalPrs": 0
        },
        {
          "key": "ELM-23522",
          "summary": "Address Sonarqube finding for Potential vulnerability for path traversal for file write",
          "type": "Story",
          "status": "Closed",
          "tadFound": false,
          "tsFound": false,
          "totalPrs": 0
        },
        {
          "key": "ELM-23189",
          "summary": "Address Sonarqube finding for dynamic class loading vulnerability ",
          "type": "Story",
          "status": "Closed",
          "tadFound": false,
          "tsFound": false,
          "totalPrs": 0
        },
        {
          "key": "ELM-23543",
          "summary": "Address Sonarqube finding for Regex usage that can lead to denial of service ( ReDOS )",
          "type": "Story",
          "status": "Closed",
          "tadFound": false,
          "tsFound": false,
          "totalPrs": 0
        },
        {
          "key": "ELM-23544",
          "summary": "Address Sonarqube finding for Relative path traversal in servlet",
          "type": "Story",
          "status": "Closed",
          "tadFound": false,
          "tsFound": false,
          "totalPrs": 0
        },
        {
          "key": "ELM-23547",
          "summary": "Address Sonarqube finding for command injection vulnerability",
          "type": "Story",
          "status": "Closed",
          "tadFound": false,
          "tsFound": false,
          "totalPrs": 0
        },
        {
          "key": "ELM-23541",
          "summary": "Address Sonarqube finding for Un encrypted socket",
          "type": "Story",
          "status": "Closed",
          "tadFound": false,
          "tsFound": false,
          "totalPrs": 0
        },
        {
          "key": "ELM-32153",
          "summary": "   Delete Entity Association from Parent before deletion- Rest API ",
          "type": "Story",
          "status": "New",
          "tadFound": false,
          "tsFound": false,
          "totalPrs": 0
        },
        {
          "key": "ELM-8871",
          "summary": "[Work card] Library upgrade: Apache Tomcat version to 9.0.87 in PP 23.2.x",
          "type": "Story",
          "status": "Closed",
          "tadFound": false,
          "tsFound": false,
          "totalPrs": 0
        },
        {
          "key": "ELM-28127",
          "summary": "Error Manager entry exceptions with Panel Counsel Filters",
          "type": "Story",
          "status": "Re-finement",
          "tadFound": true,
          "tsFound": true,
          "totalPrs": 1
        },
        {
          "key": "ELM-28076",
          "summary": "   Updating a person's email record via the spreadsheet is not functioning properly ",
          "type": "Bug",
          "status": "New",
          "tadFound": false,
          "tsFound": false,
          "totalPrs": 0
        },
        {
          "key": "ELM-31577",
          "summary": "   [Library Upgrade] - Apache Tomcat Upgrade to 9.0.104 ",
          "type": "Story",
          "status": "Closed",
          "tadFound": false,
          "tsFound": true,
          "totalPrs": 7
        },
        {
          "key": "ELM-29447",
          "summary": "            [Library Upgrade] [Current Train] - Apache Upgrade to 2.4.63     ",
          "type": "Story",
          "status": "Closed",
          "tadFound": true,
          "tsFound": true,
          "totalPrs": 10
        },
        {
          "key": "ELM-29095",
          "summary": "[Library Upgrade] [Standalone] - Apache Upgrade to 2.4.63 ",
          "type": "Story",
          "status": "Closed",
          "tadFound": true,
          "tsFound": true,
          "totalPrs": 6
        },
        {
          "key": "ELM-30749",
          "summary": "   [Framework-V3UI] - Upgrade Bootstrap (Twitter) ",
          "type": "Story",
          "status": "Closed",
          "tadFound": true,
          "tsFound": true,
          "totalPrs": 16
        },
        {
          "key": "ELM-30240",
          "summary": "   [Framework-V3UI] - OSS Security Vulnerabilities Remediation ",
          "type": "Story",
          "status": "Closed",
          "tadFound": true,
          "tsFound": true,
          "totalPrs": 9
        },
        {
          "key": "ELM-30514",
          "summary": "   CITI : Passport Production Issue with Invoice Routing Job ",
          "type": "Bug",
          "status": "Closed",
          "tadFound": false,
          "tsFound": false,
          "totalPrs": 0
        },
        {
          "key": "ELM-30612",
          "summary": "   [Bridgewater - 23.2.4] - Timekeeper benchmark data not displaying ",
          "type": "Bug",
          "status": "Closed",
          "tadFound": true,
          "tsFound": true,
          "totalPrs": 4
        },
        {
          "key": "ELM-30917",
          "summary": "  Core Feign Jar Change for Legal Hold & Reporting ",
          "type": "Bug",
          "status": "Closed",
          "tadFound": true,
          "tsFound": true,
          "totalPrs": 6
        },
        {
          "key": "ELM-32868",
          "summary": "URP: UI fields are incorrect under the admin->Analytics configuration",
          "type": "Bug",
          "status": "Closed",
          "tadFound": false,
          "tsFound": false,
          "totalPrs": 0
        },
        {
          "key": "ELM-14034",
          "summary": "Display currency in TF for matter based rates",
          "type": "Story",
          "status": "New",
          "tadFound": false,
          "tsFound": false,
          "totalPrs": 0
        },
        {
          "key": "ELM-8840",
          "summary": "(Done By Pinnacles) [Drools Upgrade] - GEBTCM Module",
          "type": "Story",
          "status": "Closed",
          "tadFound": false,
          "tsFound": true,
          "totalPrs": 0
        },
        {
          "key": "ELM-32636",
          "summary": "Release 25.1| 25.1 compared with 23.2.2|Degraded response time for Login and Logout in one specific scenario observed for ",
          "type": "Bug",
          "status": "Closed",
          "tadFound": false,
          "tsFound": false,
          "totalPrs": 0
        },
        {
          "key": "ELM-32635",
          "summary": "Release 25.1| 25.1 compared with 23.2.2|Degraded response time observed for Search Matter",
          "type": "Bug",
          "status": "Closed",
          "tadFound": false,
          "tsFound": false,
          "totalPrs": 0
        },
        {
          "key": "ELM-32631",
          "summary": "CLONE - Release 25.1| 25.1 compared with 23.2.2|Degraded response time observed for Matter email tab email connector_Adding Nested Root Folder_Click_Save_Matter",
          "type": "Bug",
          "status": "Closed",
          "tadFound": false,
          "tsFound": false,
          "totalPrs": 0
        },
        {
          "key": "ELM-32630",
          "summary": "Release 25.1| 25.1 compared with 23.2.2|Degraded response time observed for Organization Collaboration _Enter Details and Click Submit",
          "type": "Bug",
          "status": "Closed",
          "tadFound": false,
          "tsFound": false,
          "totalPrs": 0
        }
      ]
    },
    "PP Spartans": {
      "total": 1,
      "tadComplete": 1,
      "tsComplete": 1,
      "bothComplete": 1,
      "tadPct": 100.0,
      "tsPct": 100.0,
      "issues": [
        {
          "key": "ELM-28603",
          "summary": "   Panel: TK Over Auth Panel Rate Rule Does Not Work If Currencies Different ",
          "type": "Bug",
          "status": "Closed",
          "tadFound": true,
          "tsFound": true,
          "totalPrs": 3
        }
      ]
    },
    "Titans": {
      "total": 7,
      "tadComplete": 1,
      "tsComplete": 3,
      "bothComplete": 1,
      "tadPct": 14.285714285714285,
      "tsPct": 42.857142857142854,
      "issues": [
        {
          "key": "ELM-9009",
          "summary": "Implement proper Cognos role permissions for existing Passport clients",
          "type": "Story",
          "status": "Closed",
          "tadFound": false,
          "tsFound": false,
          "totalPrs": 0
        },
        {
          "key": "ELM-31222",
          "summary": "   Spend Overview Dashboard report ",
          "type": "Story",
          "status": "Closed",
          "tadFound": false,
          "tsFound": true,
          "totalPrs": 0
        },
        {
          "key": "ELM-28629",
          "summary": "PP URP - Build Savings & Adjustments Power BI report - Saving by org",
          "type": "Story",
          "status": "Closed",
          "tadFound": false,
          "tsFound": true,
          "totalPrs": 0
        },
        {
          "key": "ELM-28974",
          "summary": "Update Semantic model for Invoice Volume Summary Spend Dashboard ",
          "type": "Story",
          "status": "Closed",
          "tadFound": true,
          "tsFound": true,
          "totalPrs": 3
        },
        {
          "key": "ELM-32816",
          "summary": "tables which are mentioned in TAD document is not published in the semantic model",
          "type": "Bug",
          "status": "Closed",
          "tadFound": false,
          "tsFound": false,
          "totalPrs": 0
        },
        {
          "key": "ELM-32664",
          "summary": "% Adjusted Column data mismatch and Net Total Decimal not available in Top Vendors by Spend",
          "type": "Bug",
          "status": "Closed",
          "tadFound": false,
          "tsFound": false,
          "totalPrs": 1
        },
        {
          "key": "ELM-32779",
          "summary": "Custom columns in any table is not getting published in the model",
          "type": "Bug",
          "status": "Closed",
          "tadFound": false,
          "tsFound": false,
          "totalPrs": 0
        }
      ]
    },
    "Unknown Team": {
      "total": 15,
      "tadComplete": 0,
      "tsComplete": 2,
      "bothComplete": 0,
      "tadPct": 0.0,
      "tsPct": 13.333333333333334,
      "issues": [
        {
          "key": "ELM-32634",
          "summary": "Additional Lead Attorney is added by System after accepting New matters",
          "type": "Bug",
          "status": "Closed",
          "tadFound": false,
          "tsFound": false,
          "totalPrs": 0
        },
        {
          "key": "ELM-26882",
          "summary": " Caching issue when running ITF on container environments ",
          "type": "Bug",
          "status": "Closed",
          "tadFound": false,
          "tsFound": false,
          "totalPrs": 0
        },
        {
          "key": "ELM-33665",
          "summary": "TEC-426543 - Eng Analysis - for TEC-426295 - CITI : Base Defect - Unable to Connect to Citi New SFTP Server",
          "type": "Bug",
          "status": "Closed",
          "tadFound": false,
          "tsFound": false,
          "totalPrs": 0
        },
        {
          "key": "ELM-33635",
          "summary": "Sync Customer Insight periodical data",
          "type": "Bug",
          "status": "Analyze",
          "tadFound": false,
          "tsFound": false,
          "totalPrs": 0
        },
        {
          "key": "ELM-33113",
          "summary": "PP URP - Build Savings & Adjustments Power BI report - Slicers",
          "type": "Story",
          "status": "Closed",
          "tadFound": false,
          "tsFound": true,
          "totalPrs": 0
        },
        {
          "key": "ELM-33110",
          "summary": "PP URP - Build Invoice Volume Analysis Power BI report - Total Volume by status and duration",
          "type": "Story",
          "status": "Closed",
          "tadFound": false,
          "tsFound": true,
          "totalPrs": 0
        },
        {
          "key": "ELM-33077",
          "summary": "CDC is failing after deploying the CDC container restart fix for DWH 20.2",
          "type": "Bug",
          "status": "Resolved",
          "tadFound": false,
          "tsFound": false,
          "totalPrs": 1
        },
        {
          "key": "ELM-30697",
          "summary": "   INC3064439 - PRB0057288 Long term solution to this problem is to complete the work for EVS and decommission ShareDoc and its legacy components from CP",
          "type": "Story",
          "status": "Closed",
          "tadFound": false,
          "tsFound": false,
          "totalPrs": 0
        },
        {
          "key": "ELM-25390",
          "summary": "   PRB0056773 - Review service startup process for the FDIC Passport environments.  Adjust accordingly. ",
          "type": "Story",
          "status": "Closed",
          "tadFound": false,
          "tsFound": false,
          "totalPrs": 0
        },
        {
          "key": "ELM-20654",
          "summary": "PTASK0031738 - PRB0056319 Implement a monitoring and notification/renew mechanism to watch for expiring keypairs/certs and notify/renew ",
          "type": "Story",
          "status": "Closed",
          "tadFound": false,
          "tsFound": false,
          "totalPrs": 0
        },
        {
          "key": "ELM-16552",
          "summary": "PRB0055169 - PTASK0029980 Set up reporting with Cerberus",
          "type": "Story",
          "status": "Closed",
          "tadFound": false,
          "tsFound": false,
          "totalPrs": 0
        },
        {
          "key": "ELM-16551",
          "summary": "PRB0055169 - PTASK0029979 Chang audit logging to daily format",
          "type": "Story",
          "status": "Closed",
          "tadFound": false,
          "tsFound": false,
          "totalPrs": 0
        },
        {
          "key": "ELM-17463",
          "summary": "PRB0056171 - PTASK0031178 Review and implement similar tag policy in other ELM environments, including Manulife UAT and prod.",
          "type": "Story",
          "status": "Closed",
          "tadFound": false,
          "tsFound": false,
          "totalPrs": 0
        },
        {
          "key": "ELM-11952",
          "summary": "Remediation: SQL Logfile expansion",
          "type": "Story",
          "status": "Closed",
          "tadFound": false,
          "tsFound": false,
          "totalPrs": 0
        },
        {
          "key": "ELM-7306",
          "summary": "T360 Classic Developing Network Company UI Script",
          "type": "Story",
          "status": "New",
          "tadFound": false,
          "tsFound": false,
          "totalPrs": 0
        }
      ]
    },
    "SRE Team": {
      "total": 13,
      "tadComplete": 0,
      "tsComplete": 0,
      "bothComplete": 0,
      "tadPct": 0.0,
      "tsPct": 0.0,
      "issues": [
        {
          "key": "ELM-33752",
          "summary": "TSPR - Data type mismatch assigning variable to a column",
          "type": "Bug",
          "status": "New",
          "tadFound": false,
          "tsFound": false,
          "totalPrs": 0
        },
        {
          "key": "ELM-33753",
          "summary": "TSPR - Data type mismatch assigning a column to another",
          "type": "Bug",
          "status": "New",
          "tadFound": false,
          "tsFound": false,
          "totalPrs": 0
        },
        {
          "key": "ELM-33751",
          "summary": "TSPR - Data type mismatch comparing column and variable",
          "type": "Bug",
          "status": "New",
          "tadFound": false,
          "tsFound": false,
          "totalPrs": 0
        },
        {
          "key": "ELM-33750",
          "summary": "TSPR - Data type mismatch comparing two columns",
          "type": "Bug",
          "status": "New",
          "tadFound": false,
          "tsFound": false,
          "totalPrs": 0
        },
        {
          "key": "ELM-33749",
          "summary": "TSPR - Keywords used as column names",
          "type": "Bug",
          "status": "New",
          "tadFound": false,
          "tsFound": false,
          "totalPrs": 0
        },
        {
          "key": "ELM-33648",
          "summary": " TSPR - LIKE predicate with leading wildcard",
          "type": "Bug",
          "status": "New",
          "tadFound": false,
          "tsFound": false,
          "totalPrs": 0
        },
        {
          "key": "ELM-33609",
          "summary": "TSPR - NOLOCK table hint usage in context of INSERT statement",
          "type": "Bug",
          "status": "New",
          "tadFound": false,
          "tsFound": false,
          "totalPrs": 0
        },
        {
          "key": "ELM-33280",
          "summary": "TSPR - ORDER BY has no guarantees in a SELECT INTO context",
          "type": "Bug",
          "status": "New",
          "tadFound": false,
          "tsFound": false,
          "totalPrs": 0
        },
        {
          "key": "ELM-33275",
          "summary": "TSPR - ORDER BY has no guarantees in the context of an INSERT",
          "type": "Bug",
          "status": "New",
          "tadFound": false,
          "tsFound": false,
          "totalPrs": 0
        },
        {
          "key": "ELM-33273",
          "summary": "TSPR - Remove the ORDER BY when used together with INSERT",
          "type": "Bug",
          "status": "New",
          "tadFound": false,
          "tsFound": false,
          "totalPrs": 0
        },
        {
          "key": "ELM-33271",
          "summary": "TSPR - ORDER BY specifies integer ordinal",
          "type": "Bug",
          "status": "New",
          "tadFound": false,
          "tsFound": false,
          "totalPrs": 0
        },
        {
          "key": "ELM-33270",
          "summary": "TSPR -ROWLOCK table hint usage in context of INSERT, UPDATE or DELETE statement",
          "type": "Bug",
          "status": "New",
          "tadFound": false,
          "tsFound": false,
          "totalPrs": 0
        },
        {
          "key": "ELM-33267",
          "summary": "TSPR - ROWLOCK table hint usage in context of SELECT statement",
          "type": "Bug",
          "status": "New",
          "tadFound": false,
          "tsFound": false,
          "totalPrs": 0
        }
      ]
    },
    "Nike": {
      "total": 4,
      "tadComplete": 0,
      "tsComplete": 1,
      "bothComplete": 0,
      "tadPct": 0.0,
      "tsPct": 25.0,
      "issues": [
        {
          "key": "ELM-33320",
          "summary": "PL_FDLCP_SrcTotrg pipeline failure not capture in ETL_LOG table",
          "type": "Bug",
          "status": "Closed",
          "tadFound": false,
          "tsFound": false,
          "totalPrs": 0
        },
        {
          "key": "ELM-28827",
          "summary": "FDL CP - Enable data pipeline Logging for full and incremental loads using Eventhouse ",
          "type": "Story",
          "status": "Closed",
          "tadFound": false,
          "tsFound": true,
          "totalPrs": 0
        },
        {
          "key": "ELM-31462",
          "summary": "FDL CP - Implement logic to capture maintenance logs in Eventhouse ",
          "type": "Story",
          "status": "Closed",
          "tadFound": false,
          "tsFound": false,
          "totalPrs": 0
        },
        {
          "key": "ELM-32841",
          "summary": "MAINTENANCE_LOG tables has duplicate entries when PL_Lakehouse_Maitenance execution fails",
          "type": "Bug",
          "status": "Closed",
          "tadFound": false,
          "tsFound": false,
          "totalPrs": 0
        }
      ]
    },
    "PP Supernovas": {
      "total": 10,
      "tadComplete": 2,
      "tsComplete": 10,
      "bothComplete": 2,
      "tadPct": 20.0,
      "tsPct": 100.0,
      "issues": [
        {
          "key": "ELM-5979",
          "summary": "[PP 25.1] - SPOL - Check-in Overwrite version getting failed in doc upload queue page",
          "type": "Bug",
          "status": "Closed",
          "tadFound": false,
          "tsFound": true,
          "totalPrs": 0
        },
        {
          "key": "ELM-12100",
          "summary": "[PP 25.1] - [SPOL] [4.0.0]: when two users simultaneously work on the same document but perform different operations, a 500 internal server error occurs.",
          "type": "Bug",
          "status": "Closed",
          "tadFound": false,
          "tsFound": true,
          "totalPrs": 3
        },
        {
          "key": "ELM-23458",
          "summary": "      [PP 25.1] - [SPOL] [4.0.0] While downloading a document with a special character in its name, the downloaded file name varies from the uploaded name.\"  ",
          "type": "Bug",
          "status": "Closed",
          "tadFound": false,
          "tsFound": true,
          "totalPrs": 3
        },
        {
          "key": "ELM-23491",
          "summary": "[PP 25.1] - SPOL - Logging email subjects in Oasis",
          "type": "Bug",
          "status": "Closed",
          "tadFound": false,
          "tsFound": true,
          "totalPrs": 4
        },
        {
          "key": "ELM-25219",
          "summary": " TEC-347983 [Zurich] [OC] - Saved Views very slow to load   ",
          "type": "Bug",
          "status": "Closed",
          "tadFound": false,
          "tsFound": true,
          "totalPrs": 8
        },
        {
          "key": "ELM-25223",
          "summary": "[Zurich] [OC] - TEC-410612 - Emails not saving in folders if auto-upload is used (only the first email saves) ",
          "type": "Bug",
          "status": "Closed",
          "tadFound": false,
          "tsFound": true,
          "totalPrs": 3
        },
        {
          "key": "ELM-26099",
          "summary": "[Hartford] [SPOL 3.0.11] - TEC-406686-For the checked in documents, File Size is shown as blank in passport ",
          "type": "Bug",
          "status": "Closed",
          "tadFound": false,
          "tsFound": true,
          "totalPrs": 6
        },
        {
          "key": "ELM-28608",
          "summary": "iManage 4.0.0 - TEC-420907 - Documents not appearing in Search",
          "type": "Bug",
          "status": "Closed",
          "tadFound": true,
          "tsFound": true,
          "totalPrs": 3
        },
        {
          "key": "ELM-5781",
          "summary": "Web, OC & Web-Drive: Zurich Enhancement: Adding Emails to Document Tab.",
          "type": "Story",
          "status": "Closed",
          "tadFound": false,
          "tsFound": true,
          "totalPrs": 2
        },
        {
          "key": "ELM-28587",
          "summary": "   eDocs: Handle the Doc Type ",
          "type": "Story",
          "status": "Closed",
          "tadFound": true,
          "tsFound": true,
          "totalPrs": 6
        }
      ]
    },
    "Oasis Allstars": {
      "total": 1,
      "tadComplete": 0,
      "tsComplete": 0,
      "bothComplete": 0,
      "tadPct": 0.0,
      "tsPct": 0.0,
      "issues": [
        {
          "key": "ELM-32973",
          "summary": "Automate Customer Onboarding in Webhook Subscription Service via API and UI Configuration",
          "type": "Story",
          "status": "New",
          "tadFound": false,
          "tsFound": false,
          "totalPrs": 0
        }
      ]
    }
  }
}